faculty_name,day,time_label,raw_text,subject_code,section,is_lab,room_hint,co_faculty_initials
Dr. C VIDYARAJ,Tue,10:00-11:00,DS(A),DS,A,False,,
Dr. C VIDYARAJ,Tue,11:30- 12:30,DS(C),DS,C,False,,
Dr. C VIDYARAJ,Wed,10:00-11:00,DS(C),DS,C,False,,
Dr. C VIDYARAJ,Wed,11:30- 12:30,DS(A),DS,A,False,,
Dr. C VIDYARAJ,Fri,10:00-11:00,DS(A),DS,A,False,,
Dr. C VIDYARAJ,Fri,11:30- 12:30,DS(C),DS,C,False,,
Dr. ANNAPURNA V K,Mon,2:30-3:30,BC(E),BC,E,False,,
Dr. ANNAPURNA V K,Tue,10:00-11:00,WMC,WMC,,False,,
Dr. ANNAPURNA V K,Tue,2:30-3:30,WMC TUT,WMC TUT,,False,,
Dr. ANNAPURNA V K,Tue,3:30-4:30,WMC TUT,WMC TUT,,False,,
Dr. ANNAPURNA V K,Wed,11:30- 12:30,WMC,WMC,,False,,
Dr. ANNAPURNA V K,Thu,10:00-11:00,BC(E),BC,E,False,,
Dr. ANNAPURNA V K,Fri,9:00 -10:00,DBMS lab D1 (UKP) CSlab 8,DBMS D1 (UKP),,True,CSlab 8,
Dr. ANNAPURNA V K,Fri,10:00-11:00,DBMS lab D1 (UKP) CSlab 8,DBMS D1 (UKP),,True,CSlab 8,
Dr. ANNAPURNA V K,Fri,11:30- 12:30,BC(E),BC,E,False,,
Dr. SHABANA SULTANA (Course Coordinator),Mon,11:30- 12:30,ML A2 (+DR+LKB),ML,A2,False,,DR+LKB
Dr. SHABANA SULTANA (Course Coordinator),Mon,12:30-1:30,ML A2 (+DR+LKB),ML,A2,False,,DR+LKB
Dr. SHABANA SULTANA (Course Coordinator),Tue,11:30- 12:30,ML(A),ML,A,False,,
Dr. SHABANA SULTANA (Course Coordinator),Wed,10:00-11:00,ML(B),ML,B,False,,
Dr. SHABANA SULTANA (Course Coordinator),Wed,12:30-1:30,ML(A),ML,A,False,,
Dr. SHABANA SULTANA (Course Coordinator),Thu,11:30- 12:30,ML(B),ML,B,False,,
Dr. SHABANA SULTANA (Course Coordinator),Fri,12:30-1:30,ML(B),ML,B,False,,
Dr. SHABANA SULTANA (Course Coordinator),Fri,3:30-4:30,ML(A),ML,A,False,,
Dr. ANITHA R,Mon,11:30- 12:30,DMS(C),DMS,C,False,,
Dr. ANITHA R,Tue,2:30-3:30,DMS (C1)TUT,DMS TUT,C1,False,,
Dr. ANITHA R,Tue,3:30-4:30,DMS (C1)TUT,DMS TUT,C1,False,,
Dr. ANITHA R,Wed,9:00 -10:00,USP D1 (+JRK+GL),USP,D1,False,,JRK+GL
Dr. ANITHA R,Wed,10:00-11:00,USP D1 (+JRK+GL),USP,D1,False,,JRK+GL
Dr. ANITHA R,Thu,9:00 -10:00,DMS (C2)TUT,DMS TUT,C2,False,,
Dr. ANITHA R,Thu,10:00-11:00,DMS (C2)TUT,DMS TUT,C2,False,,
Dr. ANITHA R,Thu,2:30-3:30,USP A1 (+PRV),USP,A1,False,,PRV
Dr. ANITHA R,Thu,3:30-4:30,USP A1 (+PRV),USP,A1,False,,PRV
Dr. ANITHA R,Fri,11:30- 12:30,DMS(C),DMS,C,False,,
Dr. JAYASRI B S,Mon,11:30- 12:30,ADA(A),ADA,A,False,,
Dr. JAYASRI B S,Mon,2:30-3:30,ADA D1 (+SKV+NMR) CSLAB4,ADA,D1,False,CSLAB4,SKV+NMR
Dr. JAYASRI B S,Mon,3:30-4:30,ADA D1 (+SKV+NMR) CSLAB4,ADA,D1,False,CSLAB4,SKV+NMR
Dr. JAYASRI B S,Tue,10:00-11:00,ADA(D),ADA,D,False,,
Dr. JAYASRI B S,Tue,11:30- 12:30,--ADA A2 (+SKV+DP) CSLAB4,--ADA,A2,False,CSLAB4,SKV+DP
Dr. JAYASRI B S,Tue,12:30-1:30,--ADA A2 (+SKV+DP) CSLAB4,--ADA,A2,False,CSLAB4,SKV+DP
Dr. JAYASRI B S,Wed,10:00-11:00,ADA(A),ADA,A,False,,
Dr. JAYASRI B S,Wed,12:30-1:30,ADA(D),ADA,D,False,,
Dr. JAYASRI B S,Thu,10:00-11:00,ADA(A),ADA,A,False,,
Dr. JAYASRI B S,Fri,11:30- 12:30,ADA(D),ADA,D,False,,
Dr. LOKESH S,Mon,11:30- 12:30,DS(B),DS,B,False,,
Dr. LOKESH S,Mon,2:30-3:30,AI F1 (+BV),AI F1,,False,,BV
Dr. LOKESH S,Mon,3:30-4:30,AI F1 (+BV),AI F1,,False,,BV
Dr. LOKESH S,Tue,10:00-11:00,DS(D),DS,D,False,,
Dr. LOKESH S,Tue,2:30-3:30,DL E1 (+SB),DL,E1,False,,SB
Dr. LOKESH S,Tue,3:30-4:30,DL E1 (+SB),DL,E1,False,,SB
Dr. LOKESH S,Wed,11:30- 12:30,DS(D),DS,D,False,,
Dr. LOKESH S,Thu,12:30-1:30,DS(B),DS,B,False,,
Dr. LOKESH S,Thu,2:30-3:30,AI E3 (+MA),AI,E3,False,,MA
Dr. LOKESH S,Thu,3:30-4:30,AI E3 (+MA),AI,E3,False,,MA
Dr. LOKESH S,Fri,10:00-11:00,DS(B),DS,B,False,,
Dr. LOKESH S,Fri,2:30-3:30,DS(D),DS,D,False,,
Dr. REKHA K S,Mon,9:00 – 10:00,MC(B),MC,B,False,,
Dr. REKHA K S,Mon,12:30-1:30,MC(A),MC,A,False,,
Dr. REKHA K S,Tue,10:00- 11:00,MC(A),MC,A,False,,
Dr. REKHA K S,Wed,11:30- 12:30,MC(A),MC,A,False,,
Dr. REKHA K S,Thu,11:30- 12:30,MC(B),MC,B,False,,
Dr. REKHA K S,Fri,9:00 – 10:00,MC(B),MC,B,False,,
Dr. B R VATSALA,Mon,10:00-11:00,CD(C),CD,C,False,,
Dr. B R VATSALA,Mon,11:30- 12:30,MC B3 (+VM) CSLAB5,MC,B3,False,CSLAB5,VM
Dr. B R VATSALA,Mon,12:30-1:30,MC B3 (+VM) CSLAB5,MC,B3,False,CSLAB5,VM
Dr. B R VATSALA,Tue,11:30- 12:30,MC A1 (+NMR) CSLAB5,MC,A1,False,CSLAB5,NMR
Dr. B R VATSALA,Tue,12:30-1:30,MC A1 (+NMR) CSLAB5,MC,A1,False,CSLAB5,NMR
Dr. B R VATSALA,Wed,2:30-3:30,CD(A),CD,A,False,,
Dr. B R VATSALA,Thu,10:00-11:00,CD(A),CD,A,False,,
Dr. B R VATSALA,Thu,2:30-3:30,CD(C),CD,C,False,,
Dr. B R VATSALA,Fri,10:00-11:00,CD(C),CD,C,False,,
Dr. B R VATSALA,Fri,11:30- 12:30,CD(A),CD,A,False,,
Dr. NARENDER M,Mon,11:30- 12:30,DS&APS,DS&APS,,False,,
Dr. NARENDER M,Mon,12:30-1:30,DS&APS,DS&APS,,False,,
Dr. NARENDER M,Tue,11:30- 12:30,DBMS(E),DBMS,E,False,,
Dr. NARENDER M,Wed,10:00- 11:00,DBMS(E),DBMS,E,False,,
Dr. NARENDER M,Thu,10:00- 11:00,DS&APS,DS&APS,,False,,
Dr. NARENDER M,Fri,11:30- 12:30,DBMS(E),DBMS,E,False,,
Ms. M R RASHMI,Mon,10:00-11:00,CD(B),CD,B,False,,
Ms. M R RASHMI,Mon,11:30- 12:30,CD(D),CD,D,False,,
Ms. M R RASHMI,Tue,10:00-11:00,CD(B),CD,B,False,,
Ms. M R RASHMI,Tue,12:30-1:30,CD(D),CD,D,False,,
Ms. M R RASHMI,Wed,11:30- 12:30,DBMS C3 (+UKP) CSLAB8,DBMS,C3,False,CSLAB8,UKP
Ms. M R RASHMI,Wed,12:30-1:30,DBMS C3 (+UKP) CSLAB8,DBMS,C3,False,CSLAB8,UKP
Ms. M R RASHMI,Wed,2:30-3:30,DBMS A1 (+MAM) CSLAB8,DBMS,A1,False,CSLAB8,MAM
Ms. M R RASHMI,Wed,3:30-4:30,DBMS A1 (+MAM) CSLAB8,DBMS,A1,False,CSLAB8,MAM
Ms. M R RASHMI,Thu,10:00-11:00,CD(B),CD,B,False,,
Ms. M R RASHMI,Thu,11:30- 12:30,DBMS D3 (+ZF) CSLAB8,DBMS,D3,False,CSLAB8,ZF
Ms. M R RASHMI,Thu,12:30-1:30,DBMS D3 (+ZF) CSLAB8,DBMS,D3,False,CSLAB8,ZF
Ms. M R RASHMI,Thu,2:30-3:30,DBMS C1 (+UKP) CSLAB8,DBMS,C1,False,CSLAB8,UKP
Ms. M R RASHMI,Thu,3:30-4:30,DBMS C1 (+UKP) CSLAB8,DBMS,C1,False,CSLAB8,UKP
Ms. M R RASHMI,Fri,10:00-11:00,CD(D),CD,D,False,,
Ms. M R RASHMI,Fri,11:30- 12:30,DBMS F1 (+UKP) CSLAB2,DBMS F1,,False,CSLAB2,UKP
Ms. M R RASHMI,Fri,12:30-1:30,DBMS F1 (+UKP) CSLAB2,DBMS F1,,False,CSLAB2,UKP
Ms. Padmini M S,Mon,11:30- 12:30,EIOT E1 (+SBS)AILAB1,EIOT E1 AILAB1,,False,,SBS
Ms. Padmini M S,Mon,12:30-1:30,EIOT E1 (+SBS)AILAB1,EIOT E1 AILAB1,,False,,SBS
Ms. Padmini M S,Mon,2:30-3:30,IOT C1 (+SMK)AILAB2,IOT C1 AILAB2,,False,,SMK
Ms. Padmini M S,Mon,3:30-4:30,IOT C1 (+SMK)AILAB2,IOT C1 AILAB2,,False,,SMK
Ms. Padmini M S,Tue,11:30- 12:30,IOT PG 1 theory,IOT PG 1 theory,,False,,
Ms. Padmini M S,Tue,12:30-1:30,IOT PG 1 theory,IOT PG 1 theory,,False,,
Ms. Padmini M S,Wed,12:30-1:30,IOT PG theory,IOT PG theory,,False,,
Ms. Padmini M S,Wed,2:30-3:30,IOT TUT,IOT TUT,,False,,
Ms. Padmini M S,Wed,3:30-4:30,IOT TUT,IOT TUT,,False,,
Ms. Padmini M S,Thu,12:30-1:30,INS(E),INS,E,False,,
Ms. Padmini M S,Thu,2:30-3:30,INS(E),INS,E,False,,
Ms. Padmini M S,Fri,10:00-11:00,INS(E),INS,E,False,,
Ms. Padmini M S,Fri,12:30-1:30,INS(E),INS,E,False,,
Ms. SUMANA K M,Mon,10:00-11:00,DBMS(B),DBMS,B,False,,
Ms. SUMANA K M,Mon,11:30- 12:30,DBMS B2 (+JRK),DBMS,B2,False,,JRK
Ms. SUMANA K M,Mon,2:30-3:30,DBMS D2 (+MAM) CSLAB8,DBMS,D2,False,CSLAB8,MAM
Ms. SUMANA K M,Mon,3:30-4:30,DBMS D2 (+MAM) CSLAB8,DBMS,D2,False,CSLAB8,MAM
Ms. SUMANA K M,Tue,10:00-11:00,DBMS(B),DBMS,B,False,,
Ms. SUMANA K M,Tue,11:30- 12:30,DBMS A3 (+MMA) CSLAB8,DBMS,A3,False,CSLAB8,MMA
Ms. SUMANA K M,Tue,12:30-1:30,DBMS A3 (+MMA) CSLAB8,DBMS,A3,False,CSLAB8,MMA
Ms. SUMANA K M,Tue,2:30-3:30,DBMS B3 (+SSM) CSLAB8,DBMS,B3,False,CSLAB8,SSM
Ms. SUMANA K M,Tue,3:30-4:30,DBMS B3 (+SSM) CSLAB8,DBMS,B3,False,CSLAB8,SSM
Ms. SUMANA K M,Wed,9:00 -10:00,DBMS(A),DBMS,A,False,,
Ms. SUMANA K M,Wed,12:30-1:30,DBMS(B),DBMS,B,False,,
Ms. SUMANA K M,Thu,9:00 -10:00,DBMS F3 (+AAV) CSLAB2,DBMS F3,,False,CSLAB2,AAV
Ms. SUMANA K M,Thu,10:00-11:00,DBMS F3 (+AAV) CSLAB2,DBMS F3,,False,CSLAB2,AAV
Ms. SUMANA K M,Thu,11:30- 12:30,DBMS(A),DBMS,A,False,,
Ms. SUMANA K M,Fri,9:00 -10:00,DBMS(A),DBMS,A,False,,
Ms. PRIYANKA R V (Course Coordinator),Mon,9:00 -10:00,USP D2 (+GL)CSLAB2,USP,D2,False,CSLAB2,GL
Ms. PRIYANKA R V (Course Coordinator),Mon,10:00-11:00,USP D2 (+GL)CSLAB2,USP,D2,False,CSLAB2,GL
Ms. PRIYANKA R V (Course Coordinator),Mon,11:30- 12:30,ADA LAB B1 (+MMA) CSLAB4,ADA,B1,True,CSLAB4,MMA
Ms. PRIYANKA R V (Course Coordinator),Mon,12:30-1:30,ADA LAB B1 (+MMA) CSLAB4,ADA,B1,True,CSLAB4,MMA
Ms. PRIYANKA R V (Course Coordinator),Tue,10:00-11:00,DM(E),DM,E,False,,
Ms. PRIYANKA R V (Course Coordinator),Tue,2:30-3:30,ADA LAB B2 (+MMA) CSLAB4,ADA,B2,True,CSLAB4,MMA
Ms. PRIYANKA R V (Course Coordinator),Tue,3:30-4:30,ADA LAB B2 (+MMA) CSLAB4,ADA,B2,True,CSLAB4,MMA
Ms. PRIYANKA R V (Course Coordinator),Wed,12:30-1:30,DM(E),DM,E,False,,
Ms. PRIYANKA R V (Course Coordinator),Wed,2:30-3:30,ADA LAB A3 (+NSP) CSLAB4,ADA,A3,True,CSLAB4,NSP
Ms. PRIYANKA R V (Course Coordinator),Wed,3:30-4:30,ADA LAB A3 (+NSP) CSLAB4,ADA,A3,True,CSLAB4,NSP
Ms. PRIYANKA R V (Course Coordinator),Thu,9:00 -10:00,USP B2 (+MA),USP,B2,False,,MA
Ms. PRIYANKA R V (Course Coordinator),Thu,10:00-11:00,USP B2 (+MA),USP,B2,False,,MA
Ms. PRIYANKA R V (Course Coordinator),Thu,11:30- 12:30,DM(E),DM,E,False,,
Ms. PRIYANKA R V (Course Coordinator),Thu,2:30-3:30,USP A1 (+ZF),USP,A1,False,,ZF
Ms. PRIYANKA R V (Course Coordinator),Thu,3:30-4:30,USP A1 (+ZF),USP,A1,False,,ZF
Ms. PRIYANKA R V (Course Coordinator),Fri,11:30- 12:30,USP A2 (+Dr.UMS) CSLAB5,USP,A2,False,CSLAB5,Dr.UMS
Ms. PRIYANKA R V (Course Coordinator),Fri,12:30-1:30,USP A2 (+Dr.UMS) CSLAB5,USP,A2,False,CSLAB5,Dr.UMS
Mr. BALAJI V (Course Coordinator),Mon,10:00-11:00,AI(E),AI,E,False,,
Mr. BALAJI V (Course Coordinator),Mon,12:30-1:30,AI(E),AI,E,False,,
Mr. BALAJI V (Course Coordinator),Mon,2:30-3:30,F1 AI (+Dr.SL),F1 AI,,False,,Dr.SL
Mr. BALAJI V (Course Coordinator),Mon,3:30-4:30,F1 AI (+Dr.SL),F1 AI,,False,,Dr.SL
Mr. BALAJI V (Course Coordinator),Tue,9:00 -10:00,AI E1 (+Dr.GM) CSLAB1,AI,E1,False,CSLAB1,Dr.GM
Mr. BALAJI V (Course Coordinator),Tue,10:00-11:00,AI E1 (+Dr.GM) CSLAB1,AI,E1,False,CSLAB1,Dr.GM
Mr. BALAJI V (Course Coordinator),Tue,11:30- 12:30,AI(F) (403),AI (403),F,False,,
Mr. BALAJI V (Course Coordinator),Wed,9:00 -10:00,AI(F) (404),AI (404),F,False,,
Mr. BALAJI V (Course Coordinator),Wed,11:30- 12:30,AI E2 (+MA) CSLAB1,AI,E2,False,CSLAB1,MA
Mr. BALAJI V (Course Coordinator),Wed,12:30-1:30,AI E2 (+MA) CSLAB1,AI,E2,False,CSLAB1,MA
Mr. BALAJI V (Course Coordinator),Thu,9:00 -10:00,AI F2 (+SKV) CSLAB1,AI F2,,False,CSLAB1,SKV
Mr. BALAJI V (Course Coordinator),Thu,10:00-11:00,AI F2 (+SKV) CSLAB1,AI F2,,False,CSLAB1,SKV
Mr. BALAJI V (Course Coordinator),Thu,12:30-1:30,AI(E),AI,E,False,,
Mr. BALAJI V (Course Coordinator),Fri,9:00 -10:00,AI(F) (406),AI (406),F,False,,
Ms. SMITHA B (Course Coordinator),Mon,9:00 -10:00,SFH(A),SFH,A,False,,
Ms. SMITHA B (Course Coordinator),Mon,11:30- 12:30,DL 6 E2 (+HP) AILAB4,DL 6 E2 AILAB4,,False,,HP
Ms. SMITHA B (Course Coordinator),Mon,12:30-1:30,DL 6 E2 (+HP) AILAB4,DL 6 E2 AILAB4,,False,,HP
Ms. SMITHA B (Course Coordinator),Mon,2:30-3:30,6 C2 ML (+PN),6 C2 ML,,False,,PN
Ms. SMITHA B (Course Coordinator),Mon,3:30-4:30,6 C2 ML (+PN),6 C2 ML,,False,,PN
Ms. SMITHA B (Course Coordinator),Tue,11:30- 12:30,DL E3 (+SSM) AILAB4,DL E3 AILAB4,,False,,SSM
Ms. SMITHA B (Course Coordinator),Tue,12:30-1:30,DL E3 (+SSM) AILAB4,DL E3 AILAB4,,False,,SSM
Ms. SMITHA B (Course Coordinator),Tue,2:30-3:30,DL E1 (+Dr. SL) AILAB4,DL E1 AILAB4,,False,,Dr. SL
Ms. SMITHA B (Course Coordinator),Tue,3:30-4:30,DL E1 (+Dr. SL) AILAB4,DL E1 AILAB4,,False,,Dr. SL
Ms. SMITHA B (Course Coordinator),Wed,10:00-11:00,DL,DL,,False,,
Ms. SMITHA B (Course Coordinator),Wed,11:30- 12:30,DL,DL,,False,,
Ms. SMITHA B (Course Coordinator),Wed,2:30-3:30,ML D2 (+DR) AILAB3,ML D2 AILAB3,,False,,DR
Ms. SMITHA B (Course Coordinator),Wed,3:30-4:30,ML D2 (+DR) AILAB3,ML D2 AILAB3,,False,,DR
Ms. SMITHA B (Course Coordinator),Thu,9:00 -10:00,DL,DL,,False,,
Ms. SMITHA B (Course Coordinator),Thu,11:30- 12:30,ML A1 (+GRN) AILAB3,ML A1 AILAB3,,False,,GRN
Ms. SMITHA B (Course Coordinator),Thu,12:30-1:30,ML A1 (+GRN) AILAB3,ML A1 AILAB3,,False,,GRN
Ms. SMITHA B (Course Coordinator),Thu,2:30-3:30,SFH(C),SFH,C,False,,
Ms. SMITHA B (Course Coordinator),Fri,2:30-3:30,ML B2- (+SKV) AILAB3,ML B2- AILAB3,,False,,SKV
Ms. SMITHA B (Course Coordinator),Fri,3:30-4:30,ML B2- (+SKV) AILAB3,ML B2- AILAB3,,False,,SKV
Ms. MAHE MUBEEN AKHTAR D,Mon,9:00 -10:00,ADA(E),ADA,E,False,,
Ms. MAHE MUBEEN AKHTAR D,Mon,11:30- 12:30,ADA B1 (+PRV) CSLAB4,ADA,B1,False,CSLAB4,PRV
Ms. MAHE MUBEEN AKHTAR D,Mon,12:30-1:30,ADA B1 (+PRV) CSLAB4,ADA,B1,False,CSLAB4,PRV
Ms. MAHE MUBEEN AKHTAR D,Tue,9:00 -10:00,ADA(B),ADA,B,False,,
Ms. MAHE MUBEEN AKHTAR D,Tue,11:30- 12:30,DBMS A3 (+SKM) CSLAB8,DBMS,A3,False,CSLAB8,SKM
Ms. MAHE MUBEEN AKHTAR D,Tue,12:30-1:30,DBMS A3 (+SKM) CSLAB8,DBMS,A3,False,CSLAB8,SKM
Ms. MAHE MUBEEN AKHTAR D,Tue,2:30-3:30,ADA B2 (+PRV) CSLAB4,ADA,B2,False,CSLAB4,PRV
Ms. MAHE MUBEEN AKHTAR D,Tue,3:30-4:30,ADA B2 (+PRV) CSLAB4,ADA,B2,False,CSLAB4,PRV
Ms. MAHE MUBEEN AKHTAR D,Wed,9:00 -10:00,ADA B3 (+LKB) CSLAB4,ADA,B3,False,CSLAB4,LKB
Ms. MAHE MUBEEN AKHTAR D,Wed,10:00-11:00,ADA B3 (+LKB) CSLAB4,ADA,B3,False,CSLAB4,LKB
Ms. MAHE MUBEEN AKHTAR D,Wed,11:30- 12:30,ADA E1 (+NMR) AILAB4,ADA E1 AILAB4,,False,,NMR
Ms. MAHE MUBEEN AKHTAR D,Wed,12:30-1:30,ADA E1 (+NMR) AILAB4,ADA E1 AILAB4,,False,,NMR
Ms. MAHE MUBEEN AKHTAR D,Thu,10:00-11:00,ADA(E),ADA,E,False,,
Ms. MAHE MUBEEN AKHTAR D,Thu,12:30-1:30,ADA(B),ADA,B,False,,
Ms. MAHE MUBEEN AKHTAR D,Thu,2:30-3:30,ADA E2 (+NMR) AILAB4,ADA E2 AILAB4,,False,,NMR
Ms. MAHE MUBEEN AKHTAR D,Thu,3:30-4:30,ADA E2 (+NMR) AILAB4,ADA E2 AILAB4,,False,,NMR
Ms. MAHE MUBEEN AKHTAR D,Fri,10:00-11:00,ADA(B),ADA,B,False,,
Ms. MAHE MUBEEN AKHTAR D,Fri,12:30-1:30,ADA(E),ADA,E,False,,
Ms. USHA K PATIL,Mon,10:00-11:00,DBMS(F) (403),DBMS (403),F,False,,
Ms. USHA K PATIL,Mon,12:30-1:30,DBMS(D),DBMS,D,False,,
Ms. USHA K PATIL,Mon,2:30-3:30,DBMS F2 (+SSM) CSLAB2,DBMS F2,,False,CSLAB2,SSM
Ms. USHA K PATIL,Mon,3:30-4:30,DBMS F2 (+SSM) CSLAB2,DBMS F2,,False,CSLAB2,SSM
Ms. USHA K PATIL,Tue,9:00 -10:00,DBMS(D),DBMS,D,False,,
Ms. USHA K PATIL,Tue,12:30-1:30,DBMS(F) (403),DBMS (403),F,False,,
Ms. USHA K PATIL,Wed,10:00-11:00,DBMS(F) (404),DBMS (404),F,False,,
Ms. USHA K PATIL,Wed,11:30- 12:30,DBMS C3 (+MRR) CSLAB8,DBMS,C3,False,CSLAB8,MRR
Ms. USHA K PATIL,Wed,12:30-1:30,DBMS C3 (+MRR) CSLAB8,DBMS,C3,False,CSLAB8,MRR
Ms. USHA K PATIL,Thu,9:00 -10:00,DBMS(D),DBMS,D,False,,
Ms. USHA K PATIL,Thu,11:30- 12:30,DBMS D3 (+MRR),DBMS,D3,False,,MRR
Ms. USHA K PATIL,Thu,2:30-3:30,DBMS C1 (+MRR) CSLAB8,DBMS,C1,False,CSLAB8,MRR
Ms. USHA K PATIL,Thu,3:30-4:30,DBMS C1 (+MRR) CSLAB8,DBMS,C1,False,CSLAB8,MRR
Ms. USHA K PATIL,Fri,9:00 -10:00,DBMS D1 (+MAM) CSLAB8,DBMS,D1,False,CSLAB8,MAM
Ms. USHA K PATIL,Fri,10:00-11:00,DBMS D1 (+MAM) CSLAB8,DBMS,D1,False,CSLAB8,MAM
Ms. USHA K PATIL,Fri,11:30- 12:30,DBMS F1 (+MRR) CSLAB2,DBMS F1,,False,CSLAB2,MRR
Ms. USHA K PATIL,Fri,12:30-1:30,DBMS F1 (+MRR) CSLAB2,DBMS F1,,False,CSLAB2,MRR
Mr. NAVEEN S PAGAD,Mon,12:30-1:30,ADA (C),ADA,C,False,,
Mr. NAVEEN S PAGAD,Tue,9:00 -10:00,ADA C1 (+GRN) CSLAB4,ADA,C1,False,CSLAB4,GRN
Mr. NAVEEN S PAGAD,Tue,10:00-11:00,ADA C1 (+GRN) CSLAB4,ADA,C1,False,CSLAB4,GRN
Mr. NAVEEN S PAGAD,Tue,12:30-1:30,UHV(B) (404),UHV (404),B,False,,
Mr. NAVEEN S PAGAD,Wed,10:00-11:00,ADA(C ),ADA(C ),,False,,
Mr. NAVEEN S PAGAD,Wed,11:30- 12:30,ADA C2 (+GRN) CSLAB4,ADA,C2,False,CSLAB4,GRN
Mr. NAVEEN S PAGAD,Wed,12:30-1:30,ADA C2 (+GRN) CSLAB4,ADA,C2,False,CSLAB4,GRN
Mr. NAVEEN S PAGAD,Wed,2:30-3:30,ADA A3 (+PRV) CSLAB4,ADA,A3,False,CSLAB4,PRV
Mr. NAVEEN S PAGAD,Wed,3:30-4:30,ADA A3 (+PRV) CSLAB4,ADA,A3,False,CSLAB4,PRV
Mr. NAVEEN S PAGAD,Thu,10:00-11:00,UHV(D) (406),UHV (406),D,False,,
Mr. NAVEEN S PAGAD,Thu,11:30- 12:30,ADA D2 (+MAM) CSLAB4,ADA,D2,False,CSLAB4,MAM
Mr. NAVEEN S PAGAD,Thu,12:30-1:30,ADA D2 (+MAM) CSLAB4,ADA,D2,False,CSLAB4,MAM
Mr. NAVEEN S PAGAD,Thu,2:30-3:30,ADA C3 (+GRN) CSLAB4,ADA,C3,False,CSLAB4,GRN
Mr. NAVEEN S PAGAD,Thu,3:30-4:30,ADA C3 (+GRN) CSLAB4,ADA,C3,False,CSLAB4,GRN
Mr. NAVEEN S PAGAD,Fri,9:00 -10:00,ADA (C),ADA,C,False,,
Mr. NAVEEN S PAGAD,Fri,11:30- 12:30,ADA F2 (+ZF),ADA F2,,False,,ZF
Mr. NAVEEN S PAGAD,Fri,12:30-1:30,ADA F2 (+ZF),ADA F2,,False,,ZF
Mr. JANARDHANA SWAMY G B,Mon,10:00-11:00,IOT(A),IOT,A,False,,
Mr. JANARDHANA SWAMY G B,Mon,11:30- 12:30,IOT A1 (+CM) AILAB2,IOT A1 AILAB2,,False,,CM
Mr. JANARDHANA SWAMY G B,Mon,12:30-1:30,IOT A1 (+CM) AILAB2,IOT A1 AILAB2,,False,,CM
Mr. JANARDHANA SWAMY G B,Tue,9:00 -10:00,IOT C2 (+SMK),IOT,C2,False,,SMK
Mr. JANARDHANA SWAMY G B,Tue,10:00-11:00,IOT C2 (+SMK),IOT,C2,False,,SMK
Mr. JANARDHANA SWAMY G B,Tue,12:30-1:30,IOT (C),IOT,C,False,,
Mr. JANARDHANA SWAMY G B,Wed,10:00-11:00,IOT (A),IOT,A,False,,
Mr. JANARDHANA SWAMY G B,Wed,11:30- 12:30,IOT C3 (+CM) AILAB2,IOT C3 AILAB2,,False,,CM
Mr. JANARDHANA SWAMY G B,Wed,12:30-1:30,IOT C3 (+CM) AILAB2,IOT C3 AILAB2,,False,,CM
Mr. JANARDHANA SWAMY G B,Thu,9:00 -10:00,IOT (C),IOT,C,False,,
Mr. JANARDHANA SWAMY G B,Fri,12:30-1:30,IOT (C),IOT,C,False,,
Mr. JANARDHANA SWAMY G B,Fri,2:30-3:30,IOT (A),IOT,A,False,,
Ms. POORNIMA N,Mon,11:30- 12:30,ML(C),ML,C,False,,
Ms. POORNIMA N,Mon,2:30-3:30,ML C2 (+SB) AILAB3,ML C2 AILAB3,,False,,SB
Ms. POORNIMA N,Mon,3:30-4:30,ML C2 (+SB) AILAB3,ML C2 AILAB3,,False,,SB
Ms. POORNIMA N,Tue,9:00 -10:00,ML C3 (+DR) AILAB3,ML C3 AILAB3,,False,,DR
Ms. POORNIMA N,Tue,10:00-11:00,ML C3 (+DR) AILAB3,ML C3 AILAB3,,False,,DR
Ms. POORNIMA N,Tue,11:30- 12:30,ML B3 (+MA) AILAB3,ML B3 AILAB3,,False,,MA
Ms. POORNIMA N,Tue,12:30-1:30,ML B3 (+MA) AILAB3,ML B3 AILAB3,,False,,MA
Ms. POORNIMA N,Wed,11:30- 12:30,ML C1 (+SKV) AILAB3,ML C1 AILAB3,,False,,SKV
Ms. POORNIMA N,Wed,12:30-1:30,ML C1 (+SKV) AILAB3,ML C1 AILAB3,,False,,SKV
Ms. POORNIMA N,Thu,9:00 -10:00,ML D3 (+DR) AILAB3,ML D3 AILAB3,,False,,DR
Ms. POORNIMA N,Thu,10:00-11:00,ML D3 (+DR) AILAB3,ML D3 AILAB3,,False,,DR
Ms. POORNIMA N,Thu,12:30-1:30,ML(C),ML,C,False,,
Ms. POORNIMA N,Thu,2:30-3:30,ML B1 (+GL),ML,B1,False,,GL
Ms. POORNIMA N,Thu,3:30-4:30,ML B1 (+GL),ML,B1,False,,GL
Ms. POORNIMA N,Fri,11:30- 12:30,ML D1 (+DR),ML,D1,False,,DR
Ms. POORNIMA N,Fri,12:30-1:30,ML D1 (+DR),ML,D1,False,,DR
Ms. POORNIMA N,Fri,2:30-3:30,ML(C),ML,C,False,,
Ms. VEENA MOHAN,Mon,9:00 -10:00,MC(C),MC,C,False,,
Ms. VEENA MOHAN,Mon,11:30- 12:30,MC B3 (+Dr. BRV) CSLAB5,MC,B3,False,CSLAB5,Dr. BRV
Ms. VEENA MOHAN,Mon,12:30-1:30,MC B3 (+Dr. BRV) CSLAB5,MC,B3,False,CSLAB5,Dr. BRV
Ms. VEENA MOHAN,Mon,2:30-3:30,PYTHON A1 (+JRK+AAV),PYTHON,A1,False,,JRK+AAV
Ms. VEENA MOHAN,Mon,3:30-4:30,PYTHON A1 (+JRK+AAV),PYTHON,A1,False,,JRK+AAV
Ms. VEENA MOHAN,Tue,9:00 -10:00,MC C3 (+PK) CSLAB5,MC,C3,False,CSLAB5,PK
Ms. VEENA MOHAN,Tue,10:00-11:00,MC C3 (+PK) CSLAB5,MC,C3,False,CSLAB5,PK
Ms. VEENA MOHAN,Tue,12:30-1:30,MC(C),MC,C,False,,
Ms. VEENA MOHAN,Tue,2:30-3:30,EIOT E3 (+SBS) AILAB1,EIOT E3 AILAB1,,False,,SBS
Ms. VEENA MOHAN,Tue,3:30-4:30,EIOT E3 (+SBS) AILAB1,EIOT E3 AILAB1,,False,,SBS
Ms. VEENA MOHAN,Wed,9:00 -10:00,MC B2 (+PK) CSLAB5,MC,B2,False,CSLAB5,PK
Ms. VEENA MOHAN,Wed,10:00-11:00,MC B2 (+PK) CSLAB5,MC,B2,False,CSLAB5,PK
Ms. VEENA MOHAN,Wed,11:30- 12:30,MC C1 (+JRK) CSLAB5,MC,C1,False,CSLAB5,JRK
Ms. VEENA MOHAN,Wed,12:30-1:30,MC C1 (+JRK) CSLAB5,MC,C1,False,CSLAB5,JRK
Ms. VEENA MOHAN,Thu,11:30- 12:30,MC D1 (+PK) CSLAB5,MC,D1,False,CSLAB5,PK
Ms. VEENA MOHAN,Thu,12:30-1:30,MC D1 (+PK) CSLAB5,MC,D1,False,CSLAB5,PK
Ms. VEENA MOHAN,Thu,2:30-3:30,MC C2 (+PK) CSLAB5,MC,C2,False,CSLAB5,PK
Ms. VEENA MOHAN,Thu,3:30-4:30,MC C2 (+PK) CSLAB5,MC,C2,False,CSLAB5,PK
Ms. VEENA MOHAN,Fri,10:00-11:00,MC(C),MC,C,False,,
Ms. VEENA MOHAN,Fri,2:30-3:30,IOT B1 (+SMK) AILAB2,IOT B1 AILAB2,,False,,SMK
Ms. VEENA MOHAN,Fri,3:30-4:30,IOT B1 (+SMK) AILAB2,IOT B1 AILAB2,,False,,SMK
Mr. Mahesha A M,Mon,9:00 -10:00,DBMS A2 (+NMR) SLAB8,DBMS A2 SLAB8,,False,,NMR
Mr. Mahesha A M,Mon,10:00-11:00,DBMS A2 (+NMR) SLAB8,DBMS A2 SLAB8,,False,,NMR
Mr. Mahesha A M,Mon,2:30-3:30,DBMS D2 (+SKM) CSLAB8,DBMS,D2,False,CSLAB8,SKM
Mr. Mahesha A M,Mon,3:30-4:30,DBMS D2 (+SKM) CSLAB8,DBMS,D2,False,CSLAB8,SKM
Mr. Mahesha A M,Tue,9:00 -10:00,DBMS C2 (+AAV) CSLAB8,DBMS,C2,False,CSLAB8,AAV
Mr. Mahesha A M,Tue,10:00-11:00,DBMS C2 (+AAV) CSLAB8,DBMS,C2,False,CSLAB8,AAV
Mr. Mahesha A M,Tue,11:30- 12:30,UHV(C),UHV,C,False,,
Mr. Mahesha A M,Tue,2:30-3:30,PYTHON B1 (+NMR+AAV),PYTHON,B1,False,,NMR+AAV
Mr. Mahesha A M,Tue,3:30-4:30,PYTHON B1 (+NMR+AAV),PYTHON,B1,False,,NMR+AAV
Mr. Mahesha A M,Wed,9:00 -10:00,DBMS B1 (+SSM) CSLAB8,DBMS,B1,False,CSLAB8,SSM
Mr. Mahesha A M,Wed,10:00-11:00,DBMS B1 (+SSM) CSLAB8,DBMS,B1,False,CSLAB8,SSM
Mr. Mahesha A M,Wed,12:30-1:30,UHV(A),UHV,A,False,,
Mr. Mahesha A M,Wed,2:30-3:30,DBMS A1 (+MRR) CSLAB8,DBMS,A1,False,CSLAB8,MRR
Mr. Mahesha A M,Wed,3:30-4:30,DBMS A1 (+MRR) CSLAB8,DBMS,A1,False,CSLAB8,MRR
Mr. Mahesha A M,Thu,10:00-11:00,SFH(F),SFH,F,False,,
Mr. Mahesha A M,Thu,11:30- 12:30,ADA D2 (+NSP),ADA,D2,False,,NSP
Mr. Mahesha A M,Thu,12:30-1:30,ADA D2 (+NSP),ADA,D2,False,,NSP
Mr. Mahesha A M,Thu,2:30-3:30,PYTHON A2 (+JRK+SMK),PYTHON,A2,False,,JRK+SMK
Mr. Mahesha A M,Thu,3:30-4:30,PYTHON A2 (+JRK+SMK),PYTHON,A2,False,,JRK+SMK
Mr. Mahesha A M,Fri,9:00 -10:00,DBMS D1 (+UKP) CSLAB8,DBMS,D1,False,CSLAB8,UKP
Mr. Mahesha A M,Fri,10:00-11:00,DBMS D1 (+UKP) CSLAB8,DBMS,D1,False,CSLAB8,UKP
Mr. Mahesha A M,Fri,2:30-3:30,SFH(D),SFH,D,False,,
Mr. GOWTHAM R NAIK,Mon,9:00 -10:00,DMS D1 TT,DMS D1 TT,,False,,
Mr. GOWTHAM R NAIK,Mon,10:00-11:00,DMS D1 TT,DMS D1 TT,,False,,
Mr. GOWTHAM R NAIK,Mon,11:30- 12:30,DMS(E),DMS,E,False,,
Mr. GOWTHAM R NAIK,Tue,9:00 -10:00,ADA C1 (+NSP) CSLAB4,ADA,C1,False,CSLAB4,NSP
Mr. GOWTHAM R NAIK,Tue,10:00-11:00,ADA C1 (+NSP) CSLAB4,ADA,C1,False,CSLAB4,NSP
Mr. GOWTHAM R NAIK,Tue,11:30- 12:30,DMS(D),DMS,D,False,,
Mr. GOWTHAM R NAIK,Tue,2:30-3:30,DMS E2 TT,DMS E2 TT,,False,,
Mr. GOWTHAM R NAIK,Tue,3:30-4:30,DMS E2 TT,DMS E2 TT,,False,,
Mr. GOWTHAM R NAIK,Wed,9:00 -10:00,DMS D2 TT,DMS D2 TT,,False,,
Mr. GOWTHAM R NAIK,Wed,10:00-11:00,DMS D2 TT,DMS D2 TT,,False,,
Mr. GOWTHAM R NAIK,Wed,11:30- 12:30,ADA C2 (+NSP) CSLAB4,ADA,C2,False,CSLAB4,NSP
Mr. GOWTHAM R NAIK,Wed,12:30-1:30,ADA C2 (+NSP) CSLAB4,ADA,C2,False,CSLAB4,NSP
Mr. GOWTHAM R NAIK,Thu,9:00 -10:00,DMS(E),DMS,E,False,,
Mr. GOWTHAM R NAIK,Thu,11:30- 12:30,ML A1 (+SB) AILAB3,ML A1 AILAB3,,False,,SB
Mr. GOWTHAM R NAIK,Thu,12:30-1:30,ML A1 (+SB) AILAB3,ML A1 AILAB3,,False,,SB
Mr. GOWTHAM R NAIK,Thu,2:30-3:30,ADA C3 (+NSP),ADA,C3,False,,NSP
Mr. GOWTHAM R NAIK,Thu,3:30-4:30,ADA C3 (+NSP),ADA,C3,False,,NSP
Mr. GOWTHAM R NAIK,Fri,9:00 -10:00,DMS E1 TT,DMS E1 TT,,False,,
Mr. GOWTHAM R NAIK,Fri,10:00-11:00,DMS E1 TT,DMS E1 TT,,False,,
Mr. GOWTHAM R NAIK,Fri,12:30-1:30,DMS(D),DMS,D,False,,
Ms. CHAITHRA M,Mon,9:00 -10:00,Python E1 (+SMK+BK),Python,E1,False,,SMK+BK
Ms. CHAITHRA M,Mon,10:00-11:00,Python E1 (+SMK+BK),Python,E1,False,,SMK+BK
Ms. CHAITHRA M,Mon,11:30- 12:30,IOT A1 (+GBJ) AILAB2,IOT A1 AILAB2,,False,,GBJ
Ms. CHAITHRA M,Mon,12:30-1:30,IOT A1 (+GBJ) AILAB2,IOT A1 AILAB2,,False,,GBJ
Ms. CHAITHRA M,Mon,2:30-3:30,SFH (E),SFH,E,False,,
Ms. CHAITHRA M,Tue,9:00 -10:00,PLC,PLC,,False,,
Ms. CHAITHRA M,Tue,11:30- 12:30,Python D1 (+JRK+BK),Python,D1,False,,JRK+BK
Ms. CHAITHRA M,Tue,12:30-1:30,Python D1 (+JRK+BK),Python,D1,False,,JRK+BK
Ms. CHAITHRA M,Wed,11:30- 12:30,IOT C3 (+GBJ),IOT,C3,False,,GBJ
Ms. CHAITHRA M,Wed,12:30-1:30,IOT C3 (+GBJ),IOT,C3,False,,GBJ
Ms. CHAITHRA M,Wed,2:30-3:30,IOT D1 (+SMK),IOT,D1,False,,SMK
Ms. CHAITHRA M,Wed,3:30-4:30,IOT D1 (+SMK),IOT,D1,False,,SMK
Ms. CHAITHRA M,Thu,9:00 -10:00,IOT D2 (+VNL),IOT,D2,False,,VNL
Ms. CHAITHRA M,Thu,10:00-11:00,IOT D2 (+VNL),IOT,D2,False,,VNL
Ms. CHAITHRA M,Thu,11:30- 12:30,IOT A3 (+SMK),IOT,A3,False,,SMK
Ms. CHAITHRA M,Thu,12:30-1:30,IOT A3 (+SMK),IOT,A3,False,,SMK
Ms. CHAITHRA M,Fri,9:00 -10:00,PLC,PLC,,False,,
Ms. CHAITHRA M,Fri,11:30- 12:30,Python D2 (+SMK+GL),Python,D2,False,,SMK+GL
Ms. CHAITHRA M,Fri,12:30-1:30,Python D2 (+SMK+GL),Python,D2,False,,SMK+GL
Ms. VIDYA N L,Mon,10:00-11:00,IOT(D),IOT,D,False,,
Ms. VIDYA N L,Mon,12:30-1:30,IOT(B),IOT,B,False,,
Ms. VIDYA N L,Tue,9:00 -10:00,IOT(B),IOT,B,False,,
Ms. VIDYA N L,Tue,11:30- 12:30,IOT B2 (+GL) AIML lab 2,IOT B2 AIML 2,,True,,GL
Ms. VIDYA N L,Tue,12:30-1:30,IOT B2 (+GL) AIML lab 2,IOT B2 AIML 2,,True,,GL
Ms. VIDYA N L,Tue,2:30-3:30,IOT A2 (+GL) AIML lab 2,IOT A2 AIML 2,,True,,GL
Ms. VIDYA N L,Tue,3:30-4:30,IOT A2 (+GL) AIML lab 2,IOT A2 AIML 2,,True,,GL
Ms. VIDYA N L,Wed,10:00-11:00,IOT(D),IOT,D,False,,
Ms. VIDYA N L,Wed,12:30-1:30,IOT(B),IOT,B,False,,
Ms. VIDYA N L,Thu,9:00 -10:00,IOT D2 (+CM) AIML lab 2,IOT D2 AIML 2,,True,,CM
Ms. VIDYA N L,Thu,10:00-11:00,IOT D2 (+CM) AIML lab 2,IOT D2 AIML 2,,True,,CM
Ms. VIDYA N L,Thu,12:30-1:30,IOT(D),IOT,D,False,,
Ms. VIDYA N L,Thu,2:30-3:30,IOT B3 (+SMK) AIML lab 2,IOT B3 AIML 2,,True,,SMK
Ms. VIDYA N L,Thu,3:30-4:30,IOT B3 (+SMK) AIML lab 2,IOT B3 AIML 2,,True,,SMK
Ms. VIDYA N L,Fri,11:30- 12:30,IOT D3 (+PK) AIML lab 2,IOT D3 AIML 2,,True,,PK
Ms. VIDYA N L,Fri,12:30-1:30,IOT D3 (+PK) AIML lab 2,IOT D3 AIML 2,,True,,PK
Ms. NITHYA M R,Mon,9:00 -10:00,DBMS A2,DBMS,A2,False,,
Ms. NITHYA M R,Mon,10:00-11:00,DBMS A2,DBMS,A2,False,,
Ms. NITHYA M R,Mon,12:30-1:30,PLC,PLC,,False,,
Ms. NITHYA M R,Mon,2:30-3:30,ADA D1,ADA,D1,False,,
Ms. NITHYA M R,Mon,3:30-4:30,ADA D1,ADA,D1,False,,
Ms. NITHYA M R,Mon,9:00 -10:00,(+MAM) CSLAB 8,CSLAB 8,,False,,MAM
Ms. NITHYA M R,Mon,10:00-11:00,(+MAM) CSLAB 8,CSLAB 8,,False,,MAM
Ms. NITHYA M R,Mon,12:30-1:30,PLC,PLC,,False,,
Ms. NITHYA M R,Mon,2:30-3:30,(+BSJ),,,False,,BSJ
Ms. NITHYA M R,Mon,3:30-4:30,(+BSJ),,,False,,BSJ
Ms. NITHYA M R,Tue,2:30-3:30,Python B1 (+MAM+AAV),Python,B1,False,,MAM+AAV
Ms. NITHYA M R,Tue,3:30-4:30,Python B1 (+MAM+AAV),Python,B1,False,,MAM+AAV
Ms. NITHYA M R,Tue,10:00-11:00,UHV(F),UHV,F,False,,
Ms. NITHYA M R,Tue,11:30- 12:30,MC A1,MC,A1,False,,
Ms. NITHYA M R,Tue,12:30-1:30,MC A1,MC,A1,False,,
Ms. NITHYA M R,Tue,2:30-3:30,Python B1 (+MAM+AAV),Python,B1,False,,MAM+AAV
Ms. NITHYA M R,Tue,3:30-4:30,Python B1 (+MAM+AAV),Python,B1,False,,MAM+AAV
Ms. NITHYA M R,Tue,10:00-11:00,(405),(405),,False,,
Ms. NITHYA M R,Tue,11:30- 12:30,(+BRV),,,False,,BRV
Ms. NITHYA M R,Tue,12:30-1:30,(+BRV),,,False,,BRV
Ms. NITHYA M R,Tue,2:30-3:30,Python B1 (+MAM+AAV),Python,B1,False,,MAM+AAV
Ms. NITHYA M R,Tue,3:30-4:30,Python B1 (+MAM+AAV),Python,B1,False,,MAM+AAV
Ms. NITHYA M R,Wed,9:00 -10:00,PLC,PLC,,False,,
Ms. NITHYA M R,Wed,11:30- 12:30,ADA E1 (+MMA),ADA,E1,False,,MMA
Ms. NITHYA M R,Wed,12:30-1:30,ADA E1 (+MMA),ADA,E1,False,,MMA
Ms. NITHYA M R,Thu,9:00 -10:00,ADA F1 (+ZF),ADA F1,,False,,ZF
Ms. NITHYA M R,Thu,10:00-11:00,ADA F1 (+ZF),ADA F1,,False,,ZF
Ms. NITHYA M R,Thu,11:30- 12:30,UHV(E),UHV,E,False,,
Ms. NITHYA M R,Thu,2:30-3:30,ADA E2 (+MMA),ADA,E2,False,,MMA
Ms. NITHYA M R,Thu,3:30-4:30,ADA E2 (+MMA),ADA,E2,False,,MMA
Ms. NITHYA M R,Fri,11:30- 12:30,AI F3 (+MA),AI F3,,False,,MA
Ms. NITHYA M R,Fri,12:30-1:30,AI F3 (+MA),AI F3,,False,,MA
Ms. NITHYA M R,Fri,2:30-3:30,Python B2 (+LKB+BK),Python,B2,False,,LKB+BK
Ms. NITHYA M R,Fri,3:30-4:30,Python B2 (+LKB+BK),Python,B2,False,,LKB+BK
Ms. SAVITHA S SRIDHARMURTHY,Mon,9:00 -10:00,ADA A1,ADA,A1,False,,
Ms. SAVITHA S SRIDHARMURTHY,Mon,10:00-11:00,ADA A1,ADA,A1,False,,
Ms. SAVITHA S SRIDHARMURTHY,Mon,11:30- 12:30,DMS(F),DMS,F,False,,
Ms. SAVITHA S SRIDHARMURTHY,Mon,2:30-3:30,DBMS F2,DBMS F2,,False,,
Ms. SAVITHA S SRIDHARMURTHY,Mon,3:30-4:30,DBMS F2,DBMS F2,,False,,
Ms. SAVITHA S SRIDHARMURTHY,Mon,9:00 -10:00,(+MA) CSLAB4,,,False,CSLAB4,MA
Ms. SAVITHA S SRIDHARMURTHY,Mon,10:00-11:00,(+MA) CSLAB4,,,False,CSLAB4,MA
Ms. SAVITHA S SRIDHARMURTHY,Mon,11:30- 12:30,(404),(404),,False,,
Ms. SAVITHA S SRIDHARMURTHY,Mon,2:30-3:30,(+UKP) CSLAB2,,,False,CSLAB2,UKP
Ms. SAVITHA S SRIDHARMURTHY,Mon,3:30-4:30,(+UKP) CSLAB2,,,False,CSLAB2,UKP
Ms. SAVITHA S SRIDHARMURTHY,Tue,9:00 -10:00,DMS(F),DMS,F,False,,
Ms. SAVITHA S SRIDHARMURTHY,Tue,11:30- 12:30,DL E3,DL,E3,False,,
Ms. SAVITHA S SRIDHARMURTHY,Tue,12:30-1:30,DL E3,DL,E3,False,,
Ms. SAVITHA S SRIDHARMURTHY,Tue,2:30-3:30,DBMS B3,DBMS,B3,False,,
Ms. SAVITHA S SRIDHARMURTHY,Tue,3:30-4:30,DBMS B3,DBMS,B3,False,,
Ms. SAVITHA S SRIDHARMURTHY,Tue,9:00 -10:00,(405),(405),,False,,
Ms. SAVITHA S SRIDHARMURTHY,Tue,11:30- 12:30,(+SB),,,False,,SB
Ms. SAVITHA S SRIDHARMURTHY,Tue,12:30-1:30,(+SB),,,False,,SB
Ms. SAVITHA S SRIDHARMURTHY,Tue,2:30-3:30,(+SKM),,,False,,SKM
Ms. SAVITHA S SRIDHARMURTHY,Tue,3:30-4:30,(+SKM),,,False,,SKM
Ms. SAVITHA S SRIDHARMURTHY,Wed,9:00 -10:00,DBMS B1 (+MAM),DBMS,B1,False,,MAM
Ms. SAVITHA S SRIDHARMURTHY,Wed,10:00-11:00,DBMS B1 (+MAM),DBMS,B1,False,,MAM
Ms. SAVITHA S SRIDHARMURTHY,Wed,11:30- 12:30,DMS F1 TT (405),DMS F1 TT (405),,False,,
Ms. SAVITHA S SRIDHARMURTHY,Wed,12:30-1:30,DMS F1 TT (405),DMS F1 TT (405),,False,,
Ms. SAVITHA S SRIDHARMURTHY,Thu,9:00 -10:00,DMS(A),DMS,A,False,,
Ms. SAVITHA S SRIDHARMURTHY,Thu,11:30- 12:30,DMS F2 TT (406),DMS F2 TT (406),,False,,
Ms. SAVITHA S SRIDHARMURTHY,Thu,12:30-1:30,DMS F2 TT (406),DMS F2 TT (406),,False,,
Ms. SAVITHA S SRIDHARMURTHY,Thu,2:30-3:30,DMS A2TT,DMS A2TT,,False,,
Ms. SAVITHA S SRIDHARMURTHY,Thu,3:30-4:30,DMS A2TT,DMS A2TT,,False,,
Ms. SAVITHA S SRIDHARMURTHY,Fri,10:00-11:00,DMS(A),DMS,A,False,,
Ms. SAVITHA S SRIDHARMURTHY,Fri,11:30- 12:30,DMS A1 TT,DMS A1 TT,,False,,
Ms. SAVITHA S SRIDHARMURTHY,Fri,12:30-1:30,DMS A1 TT,DMS A1 TT,,False,,
Ms. DIVYASHREE R,Mon,11:30- 12:30,ML A2,ML,A2,False,,
Ms. DIVYASHREE R,Mon,12:30-1:30,ML A2,ML,A2,False,,
Ms. DIVYASHREE R,Mon,11:30- 12:30,(+Dr. SS) AILAB3,AILAB3,,False,,Dr. SS
Ms. DIVYASHREE R,Mon,12:30-1:30,(+Dr. SS) AILAB3,AILAB3,,False,,Dr. SS
Ms. DIVYASHREE R,Tue,11:30- 12:30,ML(D),ML,D,False,,
Ms. DIVYASHREE R,Tue,9:00 -10:00,ML C3,ML,C3,False,,
Ms. DIVYASHREE R,Tue,10:00-11:00,ML C3,ML,C3,False,,
Ms. DIVYASHREE R,Tue,11:30- 12:30,ML(D),ML,D,False,,
Ms. DIVYASHREE R,Tue,9:00 -10:00,(+PN) AILAB3,AILAB3,,False,,PN
Ms. DIVYASHREE R,Tue,10:00-11:00,(+PN) AILAB3,AILAB3,,False,,PN
Ms. DIVYASHREE R,Tue,11:30- 12:30,ML(D),ML,D,False,,
Ms. DIVYASHREE R,Tue,2:30-3:30,MERN E1 (+Dr GM),MERN,E1,False,,Dr GM
Ms. DIVYASHREE R,Tue,3:30-4:30,MERN E1 (+Dr GM),MERN,E1,False,,Dr GM
Ms. DIVYASHREE R,Wed,11:30- 12:30,MERN F2 (+DP),MERN F2,,False,,DP
Ms. DIVYASHREE R,Wed,12:30-1:30,MERN F2 (+DP),MERN F2,,False,,DP
Ms. DIVYASHREE R,Wed,2:30-3:30,ML D2 (+SB),ML,D2,False,,SB
Ms. DIVYASHREE R,Wed,3:30-4:30,ML D2 (+SB),ML,D2,False,,SB
Ms. DIVYASHREE R,Thu,9:00 -10:00,ML D3 (+PN),ML,D3,False,,PN
Ms. DIVYASHREE R,Thu,10:00-11:00,ML D3 (+PN),ML,D3,False,,PN
Ms. DIVYASHREE R,Thu,11:30- 12:30,MERN F1 (+BK),MERN F1,,False,,BK
Ms. DIVYASHREE R,Thu,12:30-1:30,MERN F1 (+BK),MERN F1,,False,,BK
Ms. DIVYASHREE R,Thu,2:30-3:30,ML(D),ML,D,False,,
Ms. DIVYASHREE R,Fri,9:00 -10:00,MERN E2 (+BK),MERN,E2,False,,BK
Ms. DIVYASHREE R,Fri,10:00-11:00,MERN E2 (+BK),MERN,E2,False,,BK
Ms. DIVYASHREE R,Fri,11:30- 12:30,ML D1 (+PN),ML,D1,False,,PN
Ms. DIVYASHREE R,Fri,12:30-1:30,ML D1 (+PN),ML,D1,False,,PN
Ms. DIVYASHREE R,Fri,3:30-4:30,ML(D),ML,D,False,,
Ms. PADMAVATHI K,Mon,9:00 -10:00,MC A3 (+HP) CSLAB5,MC,A3,False,CSLAB5,HP
Ms. PADMAVATHI K,Mon,10:00-11:00,MC A3 (+HP) CSLAB5,MC,A3,False,CSLAB5,HP
Ms. PADMAVATHI K,Mon,11:30- 12:30,MC(D),MC,D,False,,
Ms. PADMAVATHI K,Mon,2:30-3:30,MC D3 (+HP) CSLAB5,MC,D3,False,CSLAB5,HP
Ms. PADMAVATHI K,Mon,3:30-4:30,MC D3 (+HP) CSLAB5,MC,D3,False,CSLAB5,HP
Ms. PADMAVATHI K,Tue,9:00 -10:00,MC C3 (+VM) CSLAB5,MC,C3,False,CSLAB5,VM
Ms. PADMAVATHI K,Tue,10:00-11:00,MC C3 (+VM) CSLAB5,MC,C3,False,CSLAB5,VM
Ms. PADMAVATHI K,Tue,12:30-1:30,MC(D),MC,D,False,,
Ms. PADMAVATHI K,Tue,2:30-3:30,MC B1 (+JRK) CSLAB5,MC,B1,False,CSLAB5,JRK
Ms. PADMAVATHI K,Tue,3:30-4:30,MC B1 (+JRK) CSLAB5,MC,B1,False,CSLAB5,JRK
Ms. PADMAVATHI K,Wed,9:00 -10:00,MC B2 (+VM) CSLAB5,MC,B2,False,CSLAB5,VM
Ms. PADMAVATHI K,Wed,10:00-11:00,MC B2 (+VM) CSLAB5,MC,B2,False,CSLAB5,VM
Ms. PADMAVATHI K,Wed,11:30- 12:30,MC(D),MC,D,False,,
Ms. PADMAVATHI K,Wed,2:30-3:30,MC A2 (+MA),MC,A2,False,,MA
Ms. PADMAVATHI K,Wed,3:30-4:30,MC A2 (+MA),MC,A2,False,,MA
Ms. PADMAVATHI K,Thu,11:30- 12:30,MC D1 (+VM),MC,D1,False,,VM
Ms. PADMAVATHI K,Thu,12:30-1:30,MC D1 (+VM),MC,D1,False,,VM
Ms. PADMAVATHI K,Thu,2:30-3:30,MC C2 (+VM),MC,C2,False,,VM
Ms. PADMAVATHI K,Thu,3:30-4:30,MC C2 (+VM),MC,C2,False,,VM
Ms. PADMAVATHI K,Fri,9:00 -10:00,MC D2 (+MA),MC,D2,False,,MA
Ms. PADMAVATHI K,Fri,10:00-11:00,MC D2 (+MA),MC,D2,False,,MA
Ms. PADMAVATHI K,Fri,11:30- 12:30,IOT D3 (+VNL) AILAB2,IOT D3 AILAB2,,False,,VNL
Ms. PADMAVATHI K,Fri,12:30-1:30,IOT D3 (+VNL) AILAB2,IOT D3 AILAB2,,False,,VNL
Ms. LAVANYA K B,Mon,11:30- 12:30,ML A2,ML,A2,False,,
Ms. LAVANYA K B,Mon,12:30-1:30,ML A2,ML,A2,False,,
Ms. LAVANYA K B,Mon,2:30-3:30,CC A1 TUT,CC A1 TUT,,False,,
Ms. LAVANYA K B,Mon,3:30-4:30,CC A1 TUT,CC A1 TUT,,False,,
Ms. LAVANYA K B,Mon,11:30- 12:30,(+DR+Dr SS),,,False,,DR+Dr SS
Ms. LAVANYA K B,Mon,12:30-1:30,(+DR+Dr SS),,,False,,DR+Dr SS
Ms. LAVANYA K B,Mon,2:30-3:30,CC A1 TUT,CC A1 TUT,,False,,
Ms. LAVANYA K B,Mon,3:30-4:30,CC A1 TUT,CC A1 TUT,,False,,
Ms. LAVANYA K B,Tue,12:30-1:30,CC(A),CC,A,False,,
Ms. LAVANYA K B,Tue,9:00 -10:00,DBMS E2,DBMS,E2,False,,
Ms. LAVANYA K B,Tue,10:00-11:00,DBMS E2,DBMS,E2,False,,
Ms. LAVANYA K B,Tue,12:30-1:30,CC(A),CC,A,False,,
Ms. LAVANYA K B,Tue,2:30-3:30,ML A3,ML,A3,False,,
Ms. LAVANYA K B,Tue,3:30-4:30,ML A3,ML,A3,False,,
Ms. LAVANYA K B,Tue,9:00 -10:00,(+BK),,,False,,BK
Ms. LAVANYA K B,Tue,10:00-11:00,(+BK),,,False,,BK
Ms. LAVANYA K B,Tue,12:30-1:30,CC(A),CC,A,False,,
Ms. LAVANYA K B,Tue,2:30-3:30,(+SKV),,,False,,SKV
Ms. LAVANYA K B,Tue,3:30-4:30,(+SKV),,,False,,SKV
Ms. LAVANYA K B,Wed,9:00 -10:00,ADA B3 (+MMA),ADA,B3,False,,MMA
Ms. LAVANYA K B,Wed,10:00-11:00,ADA B3 (+MMA),ADA,B3,False,,MMA
Ms. LAVANYA K B,Wed,11:30- 12:30,DBMS E3 (+AAV),DBMS,E3,False,,AAV
Ms. LAVANYA K B,Wed,12:30-1:30,DBMS E3 (+AAV),DBMS,E3,False,,AAV
Ms. LAVANYA K B,Thu,9:00 -10:00,CC(A),CC,A,False,,
Ms. LAVANYA K B,Thu,11:30- 12:30,Python F2 (JRK+HP),Python F2 (JRK+HP),,False,,
Ms. LAVANYA K B,Thu,12:30-1:30,Python F2 (JRK+HP),Python F2 (JRK+HP),,False,,
Ms. LAVANYA K B,Thu,2:30-3:30,CC A2 TUT,CC A2 TUT,,False,,
Ms. LAVANYA K B,Thu,3:30-4:30,CC A2 TUT,CC A2 TUT,,False,,
Ms. LAVANYA K B,Fri,9:00 -10:00,ADA D3 (+HP),ADA,D3,False,,HP
Ms. LAVANYA K B,Fri,10:00-11:00,ADA D3 (+HP),ADA,D3,False,,HP
Ms. LAVANYA K B,Fri,12:30-1:30,CC(A),CC,A,False,,
Ms. LAVANYA K B,Fri,2:30-3:30,Python B2 (NMR+BK),Python B2 (NMR+BK),,False,,
Ms. LAVANYA K B,Fri,3:30-4:30,Python B2 (NMR+BK),Python B2 (NMR+BK),,False,,
Ms. BHAGYASHREE KATTI,Mon,9:00 -10:00,Python E1 (+SMK+CM),Python,E1,False,,SMK+CM
Ms. BHAGYASHREE KATTI,Mon,10:00-11:00,Python E1 (+SMK+CM),Python,E1,False,,SMK+CM
Ms. BHAGYASHREE KATTI,Mon,11:30- 12:30,DBMS B2 (+JRK),DBMS,B2,False,,JRK
Ms. BHAGYASHREE KATTI,Mon,12:30-1:30,DBMS B2 (+JRK),DBMS,B2,False,,JRK
Ms. BHAGYASHREE KATTI,Mon,2:30-3:30,CC B1 TUT,CC B1 TUT,,False,,
Ms. BHAGYASHREE KATTI,Mon,3:30-4:30,CC B1 TUT,CC B1 TUT,,False,,
Ms. BHAGYASHREE KATTI,Tue,9:00 -10:00,DBMS E2 (+LKB),DBMS,E2,False,,LKB
Ms. BHAGYASHREE KATTI,Tue,10:00-11:00,DBMS E2 (+LKB),DBMS,E2,False,,LKB
Ms. BHAGYASHREE KATTI,Tue,11:30- 12:30,Python D1 (+JRK+CM),Python,D1,False,,JRK+CM
Ms. BHAGYASHREE KATTI,Tue,12:30-1:30,Python D1 (+JRK+CM),Python,D1,False,,JRK+CM
Ms. BHAGYASHREE KATTI,Tue,2:30-3:30,CC B2 TUT,CC B2 TUT,,False,,
Ms. BHAGYASHREE KATTI,Tue,3:30-4:30,CC B2 TUT,CC B2 TUT,,False,,
Ms. BHAGYASHREE KATTI,Wed,11:30- 12:30,CC(B),CC,B,False,,
Ms. BHAGYASHREE KATTI,Wed,2:30-3:30,Python C2 (+JRK+SKV),Python,C2,False,,JRK+SKV
Ms. BHAGYASHREE KATTI,Wed,3:30-4:30,Python C2 (+JRK+SKV),Python,C2,False,,JRK+SKV
Ms. BHAGYASHREE KATTI,Thu,9:00 -10:00,CC(B),CC,B,False,,
Ms. BHAGYASHREE KATTI,Thu,11:30- 12:30,MERN F1 (+DR),MERN F1,,False,,DR
Ms. BHAGYASHREE KATTI,Thu,12:30-1:30,MERN F1 (+DR),MERN F1,,False,,DR
Ms. BHAGYASHREE KATTI,Thu,2:30-3:30,DBMS E1 (+SKV),DBMS,E1,False,,SKV
Ms. BHAGYASHREE KATTI,Thu,3:30-4:30,DBMS E1 (+SKV),DBMS,E1,False,,SKV
Ms. BHAGYASHREE KATTI,Fri,9:00 -10:00,MERN E2 (+DR),MERN,E2,False,,DR
Ms. BHAGYASHREE KATTI,Fri,10:00-11:00,MERN E2 (+DR),MERN,E2,False,,DR
Ms. BHAGYASHREE KATTI,Fri,11:30- 12:30,CC(B),CC,B,False,,
Ms. BHAGYASHREE KATTI,Fri,2:30-3:30,Python B2 (+NMR+LKB),Python,B2,False,,NMR+LKB
Ms. BHAGYASHREE KATTI,Fri,3:30-4:30,Python B2 (+NMR+LKB),Python,B2,False,,NMR+LKB
Mr. DEEPAK P,Mon,12:30-1:30,CC (C),CC,C,False,,
Mr. DEEPAK P,Tue,11:30- 12:30,ADA A2+SKV,ADA A2+SKV,,False,,
Mr. DEEPAK P,Tue,12:30-1:30,ADA A2+SKV,ADA A2+SKV,,False,,
Mr. DEEPAK P,Tue,2:30-3:30,CC 1 TUT,CC 1 TUT,,False,,
Mr. DEEPAK P,Tue,3:30-4:30,CC 1 TUT,CC 1 TUT,,False,,
Mr. DEEPAK P,Wed,11:30- 12:30,MERN F2+DR,MERN F2+DR,,False,,
Mr. DEEPAK P,Wed,12:30-1:30,MERN F2+DR,MERN F2+DR,,False,,
Mr. DEEPAK P,Wed,2:30-3:30,CC 2 TUT,CC 2 TUT,,False,,
Mr. DEEPAK P,Wed,3:30-4:30,CC 2 TUT,CC 2 TUT,,False,,
Mr. DEEPAK P,Thu,11:30- 12:30,CC (C),CC,C,False,,
Mr. DEEPAK P,Fri,3:30-4:30,CC (C),CC,C,False,,
Mr. AJAY A V,Mon,10:00-11:00,DBMS (C),DBMS,C,False,,
Mr. AJAY A V,Mon,2:30-3:30,Python A1 (JRK+VM),Python A1 (JRK+VM),,False,,
Mr. AJAY A V,Mon,3:30-4:30,Python A1 (JRK+VM),Python A1 (JRK+VM),,False,,
Mr. AJAY A V,Tue,9:00 -10:00,DBMS C2 (+MAM),DBMS,C2,False,,MAM
Mr. AJAY A V,Tue,10:00-11:00,DBMS C2 (+MAM),DBMS,C2,False,,MAM
Mr. AJAY A V,Wed,9:00 -10:00,DBMS,DBMS,,False,,
Mr. AJAY A V,Wed,11:30- 12:30,DBMS E3 (+LKB),DBMS,E3,False,,LKB
Mr. AJAY A V,Wed,12:30-1:30,DBMS E3 (+LKB),DBMS,E3,False,,LKB
Mr. AJAY A V,Thu,9:00 -10:00,DBMS F3 (+SKM),DBMS F3,,False,,SKM
Mr. AJAY A V,Thu,10:00-11:00,DBMS F3 (+SKM),DBMS F3,,False,,SKM
Mr. AJAY A V,Thu,11:30- 12:30,DBMS,DBMS,,False,,
Mr. AJAY A V,Thu,2:30-3:30,Python A2(+JRK+MMA),Python,A2,False,,JRK+MMA
Mr. AJAY A V,Thu,3:30-4:30,Python A2(+JRK+MMA),Python,A2,False,,JRK+MMA
Dr. GOWTHAM M,Mon,11:30- 12:30,Python C1 (+SKV+GL),Python,C1,False,,SKV+GL
Dr. GOWTHAM M,Mon,12:30-1:30,Python C1 (+SKV+GL),Python,C1,False,,SKV+GL
Dr. GOWTHAM M,Tue,9:00 -10:00,AI E1 (+BV),AI,E1,False,,BV
Dr. GOWTHAM M,Tue,10:00-11:00,AI E1 (+BV),AI,E1,False,,BV
Dr. GOWTHAM M,Tue,11:30- 12:30,DMS (B),DMS,B,False,,
Dr. GOWTHAM M,Tue,2:30-3:30,MERN E1 (+DR),MERN,E1,False,,DR
Dr. GOWTHAM M,Tue,3:30-4:30,MERN E1 (+DR),MERN,E1,False,,DR
Dr. GOWTHAM M,Wed,11:30- 12:30,DMS (B),DMS,B,False,,
Dr. GOWTHAM M,Thu,9:00 -10:00,DMS B1 TUT (404),DMS B1 TUT (404),,False,,
Dr. GOWTHAM M,Thu,10:00-11:00,DMS B1 TUT (404),DMS B1 TUT (404),,False,,
Dr. GOWTHAM M,Fri,11:30- 12:30,DMS B2 TUT (404),DMS B2 TUT (404),,False,,
Dr. GOWTHAM M,Fri,12:30-1:30,DMS B2 TUT (404),DMS B2 TUT (404),,False,,
Dr. USHA M S,Tue,9:00 -10:00,AGILE(A),AGILE,A,False,,
Dr. USHA M S,Tue,2:30-3:30,USP C2 (+HP),USP,C2,False,,HP
Dr. USHA M S,Tue,3:30-4:30,USP C2 (+HP),USP,C2,False,,HP
Dr. USHA M S,Wed,12:30-1:30,AGILE(D),AGILE,D,False,,
Dr. USHA M S,Wed,2:30-3:30,AGILE(B),AGILE,B,False,,
Dr. USHA M S,Thu,9:00 -10:00,USP C1 (+HP),USP,C1,False,,HP
Dr. USHA M S,Thu,10:00-11:00,USP C1 (+HP),USP,C1,False,,HP
Dr. USHA M S,Fri,11:30- 12:30,USP A2 (+PRV),USP,A2,False,,PRV
Dr. USHA M S,Fri,12:30-1:30,USP A2 (+PRV),USP,A2,False,,PRV
Ms. Harshini Prasad,Mon,9:00 -10:00,MC A3 (+PK),MC,A3,False,,PK
Ms. Harshini Prasad,Mon,10:00-11:00,MC A3 (+PK),MC,A3,False,,PK
Ms. Harshini Prasad,Mon,11:30- 12:30,DL E2 (+SB),DL,E2,False,,SB
Ms. Harshini Prasad,Mon,12:30-1:30,DL E2 (+SB),DL,E2,False,,SB
Ms. Harshini Prasad,Mon,2:30-3:30,MC D3 (+PK),MC,D3,False,,PK
Ms. Harshini Prasad,Mon,3:30-4:30,MC D3 (+PK),MC,D3,False,,PK
Ms. Harshini Prasad,Tue,9:00 -10:00,ADA E3 (+GL),ADA,E3,False,,GL
Ms. Harshini Prasad,Tue,10:00-11:00,ADA E3 (+GL),ADA,E3,False,,GL
Ms. Harshini Prasad,Tue,11:30- 12:30,PLC,PLC,,False,,
Ms. Harshini Prasad,Tue,2:30-3:30,USP C2 (+Dr UMS),USP,C2,False,,Dr UMS
Ms. Harshini Prasad,Tue,3:30-4:30,USP C2 (+Dr UMS),USP,C2,False,,Dr UMS
Ms. Harshini Prasad,Wed,9:00 -10:00,Python F1 (+ZF+MA),Python F1,,False,,ZF+MA
Ms. Harshini Prasad,Wed,10:00-11:00,Python F1 (+ZF+MA),Python F1,,False,,ZF+MA
Ms. Harshini Prasad,Wed,12:30-1:30,PLC,PLC,,False,,
Ms. Harshini Prasad,Wed,2:30-3:30,DEVOPS E2 (+GL),DEVOPS,E2,False,,GL
Ms. Harshini Prasad,Wed,3:30-4:30,DEVOPS E2 (+GL),DEVOPS,E2,False,,GL
Ms. Harshini Prasad,Thu,9:00 -10:00,USP C1 (+Dr UMS ),USP,C1,False,,Dr UMS
Ms. Harshini Prasad,Thu,10:00-11:00,USP C1 (+Dr UMS ),USP,C1,False,,Dr UMS
Ms. Harshini Prasad,Thu,11:30- 12:30,Python F2 (+LKB+JRK),Python F2,,False,,LKB+JRK
Ms. Harshini Prasad,Thu,12:30-1:30,Python F2 (+LKB+JRK),Python F2,,False,,LKB+JRK
Ms. Harshini Prasad,Fri,9:00 -10:00,ADA D3 (+LKB),ADA,D3,False,,LKB
Ms. Harshini Prasad,Fri,10:00-11:00,ADA D3 (+LKB),ADA,D3,False,,LKB
Ms. Harshini Prasad,Fri,11:30- 12:30,USP B1 (+JRK),USP,B1,False,,JRK
Ms. Harshini Prasad,Fri,12:30-1:30,USP B1 (+JRK),USP,B1,False,,JRK
Mr. Gajendra L,Mon,9:00 -10:00,USP D2 (+PRV),USP,D2,False,,PRV
Mr. Gajendra L,Mon,10:00-11:00,USP D2 (+PRV),USP,D2,False,,PRV
Mr. Gajendra L,Mon,11:30- 12:30,Python C1 (+SKV+Dr GM),Python,C1,False,,SKV+Dr GM
Mr. Gajendra L,Mon,12:30-1:30,Python C1 (+SKV+Dr GM),Python,C1,False,,SKV+Dr GM
Mr. Gajendra L,Mon,2:30-3:30,ADA F3 (+ZF),ADA F3,,False,,ZF
Mr. Gajendra L,Mon,3:30-4:30,ADA F3 (+ZF),ADA F3,,False,,ZF
Mr. Gajendra L,Tue,9:00 -10:00,ADA E3 (+HP),ADA,E3,False,,HP
Mr. Gajendra L,Tue,10:00-11:00,ADA E3 (+HP),ADA,E3,False,,HP
Mr. Gajendra L,Tue,11:30- 12:30,IOT B2 (+VNL),IOT,B2,False,,VNL
Mr. Gajendra L,Tue,12:30-1:30,IOT B2 (+VNL),IOT,B2,False,,VNL
Mr. Gajendra L,Tue,2:30-3:30,IOT A2 (+VNL),IOT,A2,False,,VNL
Mr. Gajendra L,Tue,3:30-4:30,IOT A2 (+VNL),IOT,A2,False,,VNL
Mr. Gajendra L,Wed,9:00 -10:00,USP D1 (+Dr RA+ JRK),USP,D1,False,,Dr RA+ JRK
Mr. Gajendra L,Wed,10:00-11:00,USP D1 (+Dr RA+ JRK),USP,D1,False,,Dr RA+ JRK
Mr. Gajendra L,Wed,11:30- 12:30,Python E2 (+SMK+ZF),Python,E2,False,,SMK+ZF
Mr. Gajendra L,Wed,12:30-1:30,Python E2 (+SMK+ZF),Python,E2,False,,SMK+ZF
Mr. Gajendra L,Wed,2:30-3:30,DEVOPS E2 (+HP),DEVOPS,E2,False,,HP
Mr. Gajendra L,Wed,3:30-4:30,DEVOPS E2 (+HP),DEVOPS,E2,False,,HP
Mr. Gajendra L,Thu,10:00-11:00,AGILE (C),AGILE,C,False,,
Mr. Gajendra L,Thu,2:30-3:30,ML B1 (+PN),ML,B1,False,,PN
Mr. Gajendra L,Thu,3:30-4:30,ML B1 (+PN),ML,B1,False,,PN
Mr. Gajendra L,Fri,11:30- 12:30,Python D2 (+CM+SMK),Python,D2,False,,CM+SMK
Mr. Gajendra L,Fri,12:30-1:30,Python D2 (+CM+SMK),Python,D2,False,,CM+SMK
Mr. Gajendra L,Fri,2:30-3:30,DEVOPS E1 (+JRK),DEVOPS,E1,False,,JRK
Mr. Gajendra L,Fri,3:30-4:30,DEVOPS E1 (+JRK),DEVOPS,E1,False,,JRK
Ms. Jyothishree R K,Mon,11:30- 12:30,DBMS B2 (+BK),DBMS,B2,False,,BK
Ms. Jyothishree R K,Mon,12:30-1:30,DBMS B2 (+BK),DBMS,B2,False,,BK
Ms. Jyothishree R K,Mon,2:30-3:30,Python A1 (+VM+AAV),Python,A1,False,,VM+AAV
Ms. Jyothishree R K,Mon,3:30-4:30,Python A1 (+VM+AAV),Python,A1,False,,VM+AAV
Ms. Jyothishree R K,Tue,11:30- 12:30,Python D1 (+CM+BK),Python,D1,False,,CM+BK
Ms. Jyothishree R K,Tue,12:30-1:30,Python D1 (+CM+BK),Python,D1,False,,CM+BK
Ms. Jyothishree R K,Tue,2:30-3:30,MC B1 (+PK),MC,B1,False,,PK
Ms. Jyothishree R K,Tue,3:30-4:30,MC B1 (+PK),MC,B1,False,,PK
Ms. Jyothishree R K,Wed,9:00 -10:00,USP D1 (+Dr RA+ GL),USP,D1,False,,Dr RA+ GL
Ms. Jyothishree R K,Wed,10:00-11:00,USP D1 (+Dr RA+ GL),USP,D1,False,,Dr RA+ GL
Ms. Jyothishree R K,Wed,11:30- 12:30,MC C1 (+VM),MC,C1,False,,VM
Ms. Jyothishree R K,Wed,12:30-1:30,MC C1 (+VM),MC,C1,False,,VM
Ms. Jyothishree R K,Wed,2:30-3:30,Python C2 (+SKV+BK),Python,C2,False,,SKV+BK
Ms. Jyothishree R K,Wed,3:30-4:30,Python C2 (+SKV+BK),Python,C2,False,,SKV+BK
Ms. Jyothishree R K,Thu,10:00-11:00,PLC,PLC,,False,,
Ms. Jyothishree R K,Thu,11:30- 12:30,Python F2 (+LKB+HP),Python F2,,False,,LKB+HP
Ms. Jyothishree R K,Thu,12:30-1:30,Python F2 (+LKB+HP),Python F2,,False,,LKB+HP
Ms. Jyothishree R K,Thu,2:30-3:30,Python A2 (+SMK+MAM),Python,A2,False,,SMK+MAM
Ms. Jyothishree R K,Thu,3:30-4:30,Python A2 (+SMK+MAM),Python,A2,False,,SMK+MAM
Ms. Jyothishree R K,Fri,9:00 -10:00,PLC,PLC,,False,,
Ms. Jyothishree R K,Fri,11:30- 12:30,USP B1 (+HP),USP,B1,False,,HP
Ms. Jyothishree R K,Fri,12:30-1:30,USP B1 (+HP),USP,B1,False,,HP
Ms. Jyothishree R K,Fri,2:30-3:30,DEVOPS E1 (+GL),DEVOPS,E1,False,,GL
Ms. Jyothishree R K,Fri,3:30-4:30,DEVOPS E1 (+GL),DEVOPS,E1,False,,GL
Ms. Sushma M K,Mon,9:00 -10:00,Python E1(+CM+BK),Python,E1,False,,CM+BK
Ms. Sushma M K,Mon,10:00-11:00,Python E1(+CM+BK),Python,E1,False,,CM+BK
Ms. Sushma M K,Mon,11:30- 12:30,PLC,PLC,,False,,
Ms. Sushma M K,Mon,2:30-3:30,IOT C1 (+PMS),IOT,C1,False,,PMS
Ms. Sushma M K,Mon,3:30-4:30,IOT C1 (+PMS),IOT,C1,False,,PMS
Ms. Sushma M K,Tue,9:00 -10:00,IOT C2 (+GBJ),IOT,C2,False,,GBJ
Ms. Sushma M K,Tue,10:00-11:00,IOT C2 (+GBJ),IOT,C2,False,,GBJ
Ms. Sushma M K,Tue,11:30- 12:30,EIOT E2 (+SBS),EIOT,E2,False,,SBS
Ms. Sushma M K,Tue,12:30-1:30,EIOT E2 (+SBS),EIOT,E2,False,,SBS
Ms. Sushma M K,Tue,2:30-3:30,Python B1 (+MAM+NMR),Python,B1,False,,MAM+NMR
Ms. Sushma M K,Tue,3:30-4:30,Python B1 (+MAM+NMR),Python,B1,False,,MAM+NMR
Ms. Sushma M K,Wed,9:00 -10:00,PLC,PLC,,False,,
Ms. Sushma M K,Wed,11:30- 12:30,Python E2(+GL+ZF),Python,E2,False,,GL+ZF
Ms. Sushma M K,Wed,12:30-1:30,Python E2(+GL+ZF),Python,E2,False,,GL+ZF
Ms. Sushma M K,Wed,2:30-3:30,IoT D1(+CM),IoT,D1,False,,CM
Ms. Sushma M K,Wed,3:30-4:30,IoT D1(+CM),IoT,D1,False,,CM
Ms. Sushma M K,Thu,11:30- 12:30,IOT A3 (+CM),IOT,A3,False,,CM
Ms. Sushma M K,Thu,12:30-1:30,IOT A3 (+CM),IOT,A3,False,,CM
Ms. Sushma M K,Fri,11:30- 12:30,Python D2(+CM+GL),Python,D2,False,,CM+GL
Ms. Sushma M K,Fri,12:30-1:30,Python D2(+CM+GL),Python,D2,False,,CM+GL
Ms. Sushma M K,Fri,2:30-3:30,IOT B1 (+VM),IOT,B1,False,,VM
Ms. Sushma M K,Fri,3:30-4:30,IOT B1 (+VM),IOT,B1,False,,VM
Dr.Sharmila B S(ECE),Mon,10:00-11:00,EIOT(E),EIOT,E,False,,
Dr.Sharmila B S(ECE),Mon,11:30- 12:30,EIOT E1 (+PMS),EIOT,E1,False,,PMS
Dr.Sharmila B S(ECE),Mon,12:30-1:30,EIOT E1 (+PMS),EIOT,E1,False,,PMS
Dr.Sharmila B S(ECE),Mon,3:30-4:30,EIOT(E),EIOT,E,False,,
Dr.Sharmila B S(ECE),Tue,9:00 -10:00,EIOT(E),EIOT,E,False,,
Dr.Sharmila B S(ECE),Tue,11:30- 12:30,EIOT E2 (+SMK),EIOT,E2,False,,SMK
Dr.Sharmila B S(ECE),Tue,12:30-1:30,EIOT E2 (+SMK),EIOT,E2,False,,SMK
Dr.Sharmila B S(ECE),Tue,2:30-3:30,EIOT E3 (+VM),EIOT,E3,False,,VM
Dr.Sharmila B S(ECE),Tue,3:30-4:30,EIOT E3 (+VM),EIOT,E3,False,,VM
Dr Latha B.M(Mech),Mon,9:00 -10:00,AI,AI,,False,,
Dr Latha B.M(Mech),Wed,9:00 -10:00,AI,AI,,False,,
Dr Latha B.M(Mech),Fri,9:00 -10:00,AI,AI,,False,,
Mr Pavan Bharadwaj(ECE),Mon,9:00 -10:00,DSC,DSC,,False,,
Mr Pavan Bharadwaj(ECE),Wed,9:00 -10:00,DSC,DSC,,False,,
Mr Pavan Bharadwaj(ECE),Fri,9:00 -10:00,DSC,DSC,,False,,
