student_id,student_name,course_code,course_name,semester,section,classes_conducted,classes_attended,attendance_pct,eligibility_status,duty_leave_credits
4NI14CS034,H A BHASKAR NADIG,CS3C01,Data Structures,3,A,33,30,91,Eligible,
4NI15CS002,ABHINANDAN A,CS3C01,Data Structures,3,A,33,30,91,Eligible,
4NI16CS013,AKSHAY M SHET,CS3C01,Data Structures,3,A,33,30,91,Eligible,
4NI16CS057,NARASIMHA MAHESH NADIG,CS3C01,Data Structures,3,A,33,32,97,Eligible,
4NI17CS016,DARSHAN G,CS3C01,Data Structures,3,A,33,31,94,Eligible,
4NI17CS055,PRANAV P DESHMUKH,CS3C01,Data Structures,3,A,33,29,88,Eligible,
4NI17CS065,RAHULPHANIKUMAR P,CS3C01,Data Structures,3,A,33,32,97,Eligible,
4NI18CS006,ALVES BENNY,CS3C01,Data Structures,3,A,33,32,97,Eligible,
4NI18CS008,ANOOP M,CS3C01,Data Structures,3,A,33,32,97,Eligible,
4NI18CS009,ANTHONY LAVINA S,CS3C01,Data Structures,3,A,33,31,94,Eligible,
4NI18CS011,ASHISH CHAUHAN,CS3C01,Data Structures,3,A,33,31,94,Eligible,
4NI18CS012,AYAM SHARMA,CS3C01,Data Structures,3,A,33,31,94,Eligible,
4NI18CS013,B UMESH KUMAR,CS3C01,Data Structures,3,A,33,33,100,Eligible,
4NI18CS014,BALAJI SENTHILKUMAR,CS3C01,Data Structures,3,A,33,33,100,Eligible,
4NI18CS018,CHINTALAPATI MANI SAHITHI,CS3C01,Data Structures,3,A,33,33,100,Eligible,
4NI18CS019,CHITRALA BADRINATH,CS3C01,Data Structures,3,A,33,33,100,Eligible,
4NI18CS020,DEEPIKA B KUNDUR,CS3C01,Data Structures,3,A,33,32,97,Eligible,
4NI18CS021,DIGAVINTI SAI SREEKANTH REDDY,CS3C01,Data Structures,3,A,33,33,100,Eligible,
4NI18CS022,DIVYA CHOUDHARY,CS3C01,Data Structures,3,A,33,33,100,Eligible,
4NI18CS023,EKTA SHARMA,CS3C01,Data Structures,3,A,33,33,100,Eligible,
4NI18CS024,GAYATRI R,CS3C01,Data Structures,3,A,33,32,97,Eligible,
4NI18CS025,H G SAATVIK,CS3C01,Data Structures,3,A,33,32,97,Eligible,
4NI18CS026,HARISHA S,CS3C01,Data Structures,3,A,33,33,100,Eligible,
4NI18CS027,HARSH VARDHAN SHARMA,CS3C01,Data Structures,3,A,33,31,94,Eligible,
4NI18CS031,KEERTANA K HOSDURG,CS3C01,Data Structures,3,A,33,31,94,Eligible,
4NI18CS032,KOUSHIK REDDY N,CS3C01,Data Structures,3,A,33,32,97,Eligible,
4NI18CS033,KRUTHIK H N,CS3C01,Data Structures,3,A,33,32,97,Eligible,
4NI18CS036,MAHESH G M,CS3C01,Data Structures,3,A,33,33,100,Eligible,
4NI18CS037,MOHAMMED HASHMATH HUSSAIN,CS3C01,Data Structures,3,A,33,31,94,Eligible,
4NI18CS038,MOHIT BHARGAVA,CS3C01,Data Structures,3,A,33,29,88,Eligible,
4NI18CS039,MUKTHA DEVI R,CS3C01,Data Structures,3,A,33,32,97,Eligible,
4NI18CS042,NAGASHREE R R,CS3C01,Data Structures,3,A,33,33,100,Eligible,
4NI18CS043,NAMAN BHANSALI,CS3C01,Data Structures,3,A,33,32,97,Eligible,
4NI18CS046,NIDHU,CS3C01,Data Structures,3,A,33,33,100,Eligible,
4NI18CS047,NIKHIL NETTAR,CS3C01,Data Structures,3,A,33,33,100,Eligible,
4NI18CS049,PARITHOSH D,CS3C01,Data Structures,3,A,33,33,100,Eligible,
4NI18CS052,PRAHLADA,CS3C01,Data Structures,3,A,33,32,97,Eligible,
4NI18CS055,PRUTHU V SIMHA,CS3C01,Data Structures,3,A,33,30,91,Eligible,
4NI18CS056,PULKIT SINGH,CS3C01,Data Structures,3,A,33,32,97,Eligible,
4NI18CS058,RAJKUMAR R,CS3C01,Data Structures,3,A,33,33,100,Eligible,
4NI18CS061,RAKSHITHA M,CS3C01,Data Structures,3,A,33,32,97,Eligible,
4NI18CS063,REVATHI ARANGASWAMY MUTHUKUMAAR,CS3C01,Data Structures,3,A,33,30,91,Eligible,
4NI18CS064,RISHABH SINGAL,CS3C01,Data Structures,3,A,33,31,94,Eligible,
4NI18CS065,ROHAN H,CS3C01,Data Structures,3,A,33,32,97,Eligible,
4NI18CS066,RUCHIRA BHARADWAJ S,CS3C01,Data Structures,3,A,33,32,97,Eligible,
4NI18CS067,RUTHIK RAJ N,CS3C01,Data Structures,3,A,33,33,100,Eligible,
4NI18CS068,SACHIN JANARDHAN HEDGE,CS3C01,Data Structures,3,A,33,33,100,Eligible,
4NI18CS069,SACHIN S CHITRAGAR,CS3C01,Data Structures,3,A,33,33,100,Eligible,
4NI18CS070,SAHIL SETHI,CS3C01,Data Structures,3,A,33,31,94,Eligible,
4NI18CS071,SAI NIRANJAN B N,CS3C01,Data Structures,3,A,33,33,100,Eligible,
4NI18CS072,SAMBHAV K BHANDARI,CS3C01,Data Structures,3,A,33,33,100,Eligible,
4NI18CS073,SANCHYA K B,CS3C01,Data Structures,3,A,33,32,97,Eligible,
4NI18CS077,SANSKAR AGRAWAL,CS3C01,Data Structures,3,A,33,33,100,Eligible,
4NI18CS079,SHASHANK K J,CS3C01,Data Structures,3,A,33,33,100,Eligible,
4NI18CS080,SHIVAGANESH PATTANKAR,CS3C01,Data Structures,3,A,33,33,100,Eligible,
4NI18CS082,SHIVAM,CS3C01,Data Structures,3,A,33,32,97,Eligible,
4NI18CS083,SHIVAM MISHRA,CS3C01,Data Structures,3,A,33,28,85,Eligible,
4NI18CS084,SHIVARAJ S GALAGALI,CS3C01,Data Structures,3,A,33,32,97,Eligible,
4NI18CS085,SHRI GANDHA B C,CS3C01,Data Structures,3,A,33,32,97,Eligible,
4NI18CS086,SHRINIVAS KULKARNI,CS3C01,Data Structures,3,A,33,33,100,Eligible,
4NI18CS108,VEER PRATAP SINGH,CS3C01,Data Structures,3,A,33,31,94,Eligible,
4NI18CS115,NIMISHA C,CS3C01,Data Structures,3,A,33,32,97,Eligible,
4NI18CS116,ANANYA M BHAT,CS3C01,Data Structures,3,A,33,30,91,Eligible,
4NI18CS120,SHRADDHA P,CS3C01,Data Structures,3,A,33,33,100,Eligible,
4NI18CS123,VANISHREE V A,CS3C01,Data Structures,3,A,33,33,100,Eligible,
4NI19CS400,ADITHYA S S,CS3C01,Data Structures,3,A,23,22,96,Eligible,
4NI19CS401,BI BI AYESHA,CS3C01,Data Structures,3,A,23,23,100,Eligible,
4NI19CS402,ENOSH V,CS3C01,Data Structures,3,A,33,33,100,Eligible,
4NI19CS403,IZHAR SHARIFF,CS3C01,Data Structures,3,A,23,22,96,Eligible,
4NI19CS404,KARTHIKANAIK D,CS3C01,Data Structures,3,A,23,23,100,Eligible,
4NI19CS405,MAHANTHESHA G D,CS3C01,Data Structures,3,A,33,33,100,Eligible,
4NI19CS406,SAHANA R,CS3C01,Data Structures,3,A,23,23,100,Eligible,
4NI19CS407,SHASHANK A,CS3C01,Data Structures,3,A,33,33,100,Eligible,
4NI19CS408,SNEHA K,CS3C01,Data Structures,3,A,33,32,97,Eligible,
4NI19CS409,SYEDA HEENA KAUSAR,CS3C01,Data Structures,3,A,23,23,100,Eligible,
4NI19CS410,THEJASWINI V,CS3C01,Data Structures,3,A,33,32,97,Eligible,
4NI19CS411,VENKATESH S,CS3C01,Data Structures,3,A,23,23,100,Eligible,
