student_id,student_name,course_code,course_name,semester,section,credits,cie1,cie2,cie3,quiz1,quiz2,el,cie_reduced,cie_raw_equiv_100,see_raw,see_reduced,grand_total,grade,grade_points,course_status,assessment_notes
4NI14CS034,H A BHASKAR NADIG,CS3C01,Data Structures,3,A,,13.0,12.0,2.0,,,,25.0,50.0,,,,,,in_progress,
4NI14CS034,H A BHASKAR NADIG,CS8E501,Storage Area Networks,8,A,,9.0,21.0,8.0,,,,30.0,60.0,,,,,,in_progress,
4NI14CS122,YOGANANDANA K S,CS6C04,Web Technologies & Applications,6,B,,9.0,0.0,0.0,,,,9.0,18.0,,,,,,in_progress,ABSENT;ABSENT
4NI15CS002,ABHINANDAN A,CS3C01,Data Structures,3,A,,6.0,9.0,18.0,,,,27.0,54.0,,,,,,in_progress,
4NI15CS002,ABHINANDAN A,CS8E501,Storage Area Networks,8,A,,5.0,18.0,11.0,,,,29.0,58.0,,,,,,in_progress,
4NI16CS013,AKSHAY M SHET,CS3C01,Data Structures,3,A,,8.0,8.0,8.0,,,,16.0,32.0,,,,,,in_progress,
4NI16CS057,NARASIMHA MAHESH NADIG,CS3C01,Data Structures,3,A,,14.0,9.0,12.0,,,,26.0,52.0,,,,,,in_progress,
4NI17CS016,DARSHAN G,CS3C01,Data Structures,3,A,,5.0,6.0,11.0,,,,17.0,34.0,,,,,,in_progress,
4NI17CS016,DARSHAN G,CS3C03,Computer Org. & Architecture,3,A,,4.0,16.0,,,,0.0,20.0,40.0,,,,,,in_progress,ABSENT
4NI17CS016,DARSHAN G,CS8E501,Storage Area Networks,8,A,,13.0,0.0,12.0,,,,25.0,50.0,,,,,,in_progress,ABSENT
4NI17CS055,PRANAV P DESHMUKH,CS3C01,Data Structures,3,A,,22.0,12.0,12.0,,,,34.0,68.0,,,,,,in_progress,
4NI17CS065,RAHULPHANIKUMAR P,CS3C01,Data Structures,3,A,,12.0,8.0,5.0,,,,20.0,40.0,,,,,,in_progress,
4NI17CS065,RAHULPHANIKUMAR P,CS8E501,Storage Area Networks,8,A,,6.0,8.0,18.0,,,,26.0,52.0,,,,,,in_progress,
4NI18CS006,ALVES BENNY,CS3C01,Data Structures,3,A,,21.0,22.0,14.0,,,,43.0,86.0,,,,,,in_progress,
4NI18CS008,ANOOP M,CS3C01,Data Structures,3,A,,15.0,24.0,10.0,,,,39.0,78.0,,,,,,in_progress,
4NI18CS008,ANOOP M,CS8E501,Storage Area Networks,8,A,,20.0,9.0,13.0,,,,33.0,66.0,,,,,,in_progress,
4NI18CS009,ANTHONY LAVINA S,CS3C01,Data Structures,3,A,,8.0,14.0,14.0,,,,28.0,56.0,,,,,,in_progress,
4NI18CS009,ANTHONY LAVINA S,CS8E501,Storage Area Networks,8,A,,20.0,23.0,0.0,,,,43.0,86.0,,,,,,in_progress,ABSENT
4NI18CS011,ASHISH CHAUHAN,CS3C01,Data Structures,3,A,,19.0,22.0,17.0,,,,41.0,82.0,,,,,,in_progress,
4NI18CS012,AYAM SHARMA,CS3C01,Data Structures,3,A,,25.0,9.0,10.0,,,,35.0,70.0,,,,,,in_progress,
4NI18CS013,B UMESH KUMAR,CS3C01,Data Structures,3,A,,20.0,23.0,15.0,,,,43.0,86.0,,,,,,in_progress,
4NI18CS014,BALAJI SENTHILKUMAR,CS3C01,Data Structures,3,A,,23.0,21.0,0.0,,,,44.0,88.0,,,,,,in_progress,ABSENT
4NI18CS014,BALAJI SENTHILKUMAR,CS8E501,Storage Area Networks,8,A,,18.0,17.0,0.0,,,,35.0,70.0,,,,,,in_progress,ABSENT
4NI18CS016,BHUVANA M G,CS3C03,Computer Org. & Architecture,3,A,,12.0,14.0,,,,0.0,26.0,52.0,,,,,,in_progress,ABSENT
4NI18CS018,CHINTALAPATI MANI SAHITHI,CS3C01,Data Structures,3,A,,15.0,18.0,12.0,,,,33.0,66.0,,,,,,in_progress,
4NI18CS018,CHINTALAPATI MANI SAHITHI,CS8E501,Storage Area Networks,8,A,,23.0,16.0,0.0,,,,39.0,78.0,,,,,,in_progress,ABSENT
4NI18CS019,CHITRALA BADRINATH,CS3C01,Data Structures,3,A,,23.0,25.0,22.0,,,,48.0,96.0,,,,,,in_progress,
4NI18CS020,DEEPIKA B KUNDUR,CS3C01,Data Structures,3,A,,15.0,21.0,23.0,,,,44.0,88.0,,,,,,in_progress,
4NI18CS021,DIGAVINTI SAI SREEKANTH REDDY,CS3C01,Data Structures,3,A,,5.0,10.0,21.0,,,,31.0,62.0,,,,,,in_progress,
4NI18CS021,DIGAVINTI SAI SREEKANTH REDDY,CS8E501,Storage Area Networks,8,A,,23.0,21.0,0.0,,,,44.0,88.0,,,,,,in_progress,ABSENT
4NI18CS022,DIVYA CHOUDHARY,CS3C01,Data Structures,3,A,,17.0,17.0,20.0,,,,37.0,74.0,,,,,,in_progress,
4NI18CS023,EKTA SHARMA,CS3C01,Data Structures,3,A,,21.0,22.0,25.0,,,,47.0,94.0,,,,,,in_progress,
4NI18CS024,GAYATRI R,CS3C01,Data Structures,3,A,,0.0,18.0,23.0,,,,41.0,82.0,,,,,,in_progress,ABSENT
4NI18CS025,H G SAATVIK,CS3C01,Data Structures,3,A,,25.0,17.0,0.0,,,,42.0,84.0,,,,,,in_progress,ABSENT
4NI18CS026,HARISHA S,CS3C01,Data Structures,3,A,,25.0,22.0,23.0,,,,48.0,96.0,,,,,,in_progress,
4NI18CS027,HARSH VARDHAN SHARMA,CS3C01,Data Structures,3,A,,21.0,20.0,11.0,,,,41.0,82.0,,,,,,in_progress,
4NI18CS031,KEERTANA K HOSDURG,CS3C01,Data Structures,3,A,,8.0,9.0,10.0,,,,19.0,38.0,,,,,,in_progress,
4NI18CS032,KOUSHIK REDDY N,CS3C01,Data Structures,3,A,,5.0,11.0,18.0,,,,29.0,58.0,,,,,,in_progress,
4NI18CS033,KRUTHIK H N,CS3C01,Data Structures,3,A,,23.0,25.0,22.0,,,,48.0,96.0,,,,,,in_progress,
4NI18CS036,MAHESH G M,CS3C01,Data Structures,3,A,,14.0,21.0,21.0,,,,42.0,84.0,,,,,,in_progress,
4NI18CS037,MOHAMMED HASHMATH HUSSAIN,CS3C01,Data Structures,3,A,,12.0,17.0,14.0,,,,31.0,62.0,,,,,,in_progress,
4NI18CS038,MOHIT BHARGAVA,CS3C01,Data Structures,3,A,,20.0,18.0,10.0,,,,38.0,76.0,,,,,,in_progress,
4NI18CS039,MUKTHA DEVI R,CS3C01,Data Structures,3,A,,14.0,17.0,15.0,,,,32.0,64.0,,,,,,in_progress,
4NI18CS042,NAGASHREE R R,CS3C01,Data Structures,3,A,,18.0,25.0,22.0,,,,47.0,94.0,,,,,,in_progress,
4NI18CS043,NAMAN BHANSALI,CS3C01,Data Structures,3,A,,25.0,23.0,,,,,48.0,96.0,,,,,,in_progress,NOT_ELIGIBLE
4NI18CS046,NIDHU,CS3C01,Data Structures,3,A,,19.0,19.0,25.0,,,,44.0,88.0,,,,,,in_progress,
4NI18CS047,NIKHIL NETTAR,CS3C01,Data Structures,3,A,,15.0,18.0,22.0,,,,40.0,80.0,,,,,,in_progress,
4NI18CS049,PARITHOSH D,CS3C01,Data Structures,3,A,,9.0,16.0,19.0,,,,35.0,70.0,,,,,,in_progress,
4NI18CS049,PARITHOSH D,CS8E501,Storage Area Networks,8,A,,16.0,24.0,0.0,,,,40.0,80.0,,,,,,in_progress,ABSENT
4NI18CS052,PRAHLADA,CS3C01,Data Structures,3,A,,7.0,21.0,20.0,,,,41.0,82.0,,,,,,in_progress,
4NI18CS055,PRUTHU V SIMHA,CS3C01,Data Structures,3,A,,0.0,14.0,21.0,,,,35.0,70.0,,,,,,in_progress,
4NI18CS056,PULKIT SINGH,CS3C01,Data Structures,3,A,,12.0,15.0,20.0,,,,35.0,70.0,,,,,,in_progress,
4NI18CS056,PULKIT SINGH,CS8E501,Storage Area Networks,8,A,,17.0,21.0,25.0,,,,46.0,92.0,,,,,,in_progress,
4NI18CS058,RAJKUMAR R,CS3C01,Data Structures,3,A,,25.0,25.0,18.0,,,,50.0,100.0,,,,,,in_progress,
4NI18CS061,RAKSHITHA M,CS3C01,Data Structures,3,A,,20.0,23.0,21.0,,,,44.0,88.0,,,,,,in_progress,
4NI18CS063,REVATHI ARANGASWAMY MUTHUKUMAAR,CS3C01,Data Structures,3,A,,10.0,8.0,15.0,,,,25.0,50.0,,,,,,in_progress,
4NI18CS063,REVATHI ARANGASWAMY MUTHUKUMAAR,CS8E501,Storage Area Networks,8,A,,22.0,23.0,0.0,,,,45.0,90.0,,,,,,in_progress,ABSENT
4NI18CS064,RISHABH SINGAL,CS3C01,Data Structures,3,A,,14.0,22.0,18.0,,,,40.0,80.0,,,,,,in_progress,
4NI18CS065,ROHAN H,CS3C01,Data Structures,3,A,,14.0,16.0,0.0,,,,30.0,60.0,,,,,,in_progress,ABSENT
4NI18CS066,RUCHIRA BHARADWAJ S,CS3C01,Data Structures,3,A,,18.0,25.0,19.0,,,,44.0,88.0,,,,,,in_progress,
4NI18CS067,RUTHIK RAJ N,CS3C01,Data Structures,3,A,,7.0,10.0,22.0,,,,32.0,64.0,,,,,,in_progress,
4NI18CS067,RUTHIK RAJ N,CS8E501,Storage Area Networks,8,A,,21.0,17.0,22.0,,,,43.0,86.0,,,,,,in_progress,
4NI18CS068,SACHIN JANARDHAN HEDGE,CS3C01,Data Structures,3,A,,22.0,20.0,22.0,,,,44.0,88.0,,,,,,in_progress,
4NI18CS068,SACHIN JANARDHAN HEDGE,CS8E501,Storage Area Networks,8,A,,21.0,25.0,0.0,,,,46.0,92.0,,,,,,in_progress,ABSENT
4NI18CS069,SACHIN S CHITRAGAR,CS3C01,Data Structures,3,A,,13.0,20.0,25.0,,,,45.0,90.0,,,,,,in_progress,
4NI18CS070,SAHIL SETHI,CS3C01,Data Structures,3,A,,17.0,20.0,15.0,,,,37.0,74.0,,,,,,in_progress,
4NI18CS071,SAI NIRANJAN B N,CS3C01,Data Structures,3,A,,18.0,19.0,21.0,,,,40.0,80.0,,,,,,in_progress,
4NI18CS072,SAMBHAV K BHANDARI,CS3C01,Data Structures,3,A,,17.0,18.0,22.0,,,,40.0,80.0,,,,,,in_progress,
4NI18CS073,SANCHYA K B,CS3C01,Data Structures,3,A,,11.0,13.0,20.0,,,,33.0,66.0,,,,,,in_progress,
4NI18CS073,SANCHYA K B,CS8E501,Storage Area Networks,8,A,,24.0,25.0,0.0,,,,49.0,98.0,,,,,,in_progress,ABSENT
4NI18CS077,SANSKAR AGRAWAL,CS3C01,Data Structures,3,A,,22.0,25.0,16.0,,,,47.0,94.0,,,,,,in_progress,
4NI18CS079,SHASHANK K J,CS3C01,Data Structures,3,A,,13.0,25.0,22.0,,,,47.0,94.0,,,,,,in_progress,
4NI18CS080,SHIVAGANESH PATTANKAR,CS3C01,Data Structures,3,A,,14.0,17.0,0.0,,,,31.0,62.0,,,,,,in_progress,ABSENT
4NI18CS080,SHIVAGANESH PATTANKAR,CS8E501,Storage Area Networks,8,A,,22.0,21.0,0.0,,,,43.0,86.0,,,,,,in_progress,ABSENT
4NI18CS082,SHIVAM,CS3C01,Data Structures,3,A,,20.0,25.0,8.0,,,,45.0,90.0,,,,,,in_progress,
4NI18CS083,SHIVAM MISHRA,CS3C01,Data Structures,3,A,,22.0,20.0,12.0,,,,42.0,84.0,,,,,,in_progress,
4NI18CS084,SHIVARAJ S GALAGALI,CS3C01,Data Structures,3,A,,10.0,13.0,12.0,,,,25.0,50.0,,,,,,in_progress,
4NI18CS084,SHIVARAJ S GALAGALI,CS8E501,Storage Area Networks,8,A,,16.0,17.0,0.0,,,,33.0,66.0,,,,,,in_progress,ABSENT
4NI18CS085,SHRI GANDHA B C,CS3C01,Data Structures,3,A,,23.0,24.0,0.0,,,,47.0,94.0,,,,,,in_progress,ABSENT
4NI18CS086,SHRINIVAS KULKARNI,CS3C01,Data Structures,3,A,,16.0,18.0,24.0,,,,42.0,84.0,,,,,,in_progress,
4NI18CS086,SHRINIVAS KULKARNI,CS8E501,Storage Area Networks,8,A,,21.0,25.0,0.0,,,,46.0,92.0,,,,,,in_progress,ABSENT
4NI18CS102,THANUSHREE G,CS6C04,Web Technologies & Applications,6,B,,2.0,7.0,19.0,,,,26.0,52.0,,,,,,in_progress,
4NI18CS108,VEER PRATAP SINGH,CS3C01,Data Structures,3,A,,25.0,22.0,0.0,,,,47.0,94.0,,,,,,in_progress,ABSENT
4NI18CS115,NIMISHA C,CS3C01,Data Structures,3,A,,15.0,21.0,24.0,,,,45.0,90.0,,,,,,in_progress,
4NI18CS116,ANANYA M BHAT,CS3C01,Data Structures,3,A,,9.0,14.0,23.0,,,,37.0,74.0,,,,,,in_progress,
4NI18CS120,SHRADDHA P,CS3C01,Data Structures,3,A,,18.0,25.0,22.0,,,,47.0,94.0,,,,,,in_progress,
4NI18CS123,VANISHREE V A,CS3C01,Data Structures,3,A,,14.0,21.0,23.0,,,,44.0,88.0,,,,,,in_progress,
4NI19CS004,ABHISHEK A P,CS6C04,Web Technologies & Applications,6,B,,11.0,20.0,22.0,,,,42.0,84.0,,,,,,in_progress,
4NI19CS006,ADARSH A,CS6C04,Web Technologies & Applications,6,B,,16.0,15.0,23.0,,,,39.0,78.0,,,,,,in_progress,
4NI19CS009,ADITYA PRATAP SINGH,CS6C04,Web Technologies & Applications,6,B,,15.0,19.0,0.0,,,,34.0,68.0,,,,,,in_progress,ABSENT
4NI19CS012,AKANKSHA MATTOO,CS6C04,Web Technologies & Applications,6,B,,19.0,0.0,21.0,,,,40.0,80.0,,,,,,in_progress,ABSENT
4NI19CS018,AMAR SHINDHE,CS6C04,Web Technologies & Applications,6,B,,25.0,0.0,24.0,,,,49.0,98.0,,,,,,in_progress,ABSENT
4NI19CS024,ANUP SIDDU R S,CS6C04,Web Technologies & Applications,6,B,,19.0,24.0,0.0,,,,43.0,86.0,,,,,,in_progress,ABSENT
4NI19CS025,ANUSHREE H S,CS6C04,Web Technologies & Applications,6,B,,19.0,25.0,24.0,,,,49.0,98.0,,,,,,in_progress,
4NI19CS028,BHARATH JITENDRA NADIG,CS6C04,Web Technologies & Applications,6,B,,10.0,23.0,20.0,,,,43.0,86.0,,,,,,in_progress,
4NI19CS031,BHAVANI B,CS6C04,Web Technologies & Applications,6,B,,18.0,12.0,25.0,,,,43.0,86.0,,,,,,in_progress,
4NI19CS032,BHUVAN K,CS6C04,Web Technologies & Applications,6,B,,17.0,15.0,0.0,,,,32.0,64.0,,,,,,in_progress,ABSENT
4NI19CS033,BINDUSHREE S R,CS6C04,Web Technologies & Applications,6,B,,8.0,16.0,21.0,,,,37.0,74.0,,,,,,in_progress,
4NI19CS036,CHANDAN KUMAR,CS6C04,Web Technologies & Applications,6,B,,18.0,25.0,0.0,,,,43.0,86.0,,,,,,in_progress,ABSENT
4NI19CS040,FAZIL A,CS6C04,Web Technologies & Applications,6,B,,12.0,20.0,14.0,,,,34.0,68.0,,,,,,in_progress,
4NI19CS041,GAJULA VAMSI KRISHNA,CS6C04,Web Technologies & Applications,6,B,,14.0,20.0,19.0,,,,39.0,78.0,,,,,,in_progress,
4NI19CS049,HARSHITH V,CS6C04,Web Technologies & Applications,6,B,,12.0,21.0,0.0,,,,33.0,66.0,,,,,,in_progress,ABSENT
4NI19CS052,HRISHIKESH PRAVEEN NAYAK,CS6C04,Web Technologies & Applications,6,B,,25.0,24.0,0.0,,,,49.0,98.0,,,,,,in_progress,ABSENT
4NI19CS066,MANOJ C S,CS6C04,Web Technologies & Applications,6,B,,22.0,20.0,20.0,,,,42.0,84.0,,,,,,in_progress,
4NI19CS067,MARUTHI,CS6C04,Web Technologies & Applications,6,B,,2.0,13.0,25.0,,,,38.0,76.0,,,,,,in_progress,
4NI19CS068,MAYUR M JOSHI,CS6C04,Web Technologies & Applications,6,B,,21.0,25.0,22.0,,,,47.0,94.0,,,,,,in_progress,
4NI19CS073,NARAYANI H,CS6C04,Web Technologies & Applications,6,B,,22.0,25.0,0.0,,,,47.0,94.0,,,,,,in_progress,ABSENT
4NI19CS075,NIHARIKA,CS6C04,Web Technologies & Applications,6,B,,17.0,20.0,23.0,,,,43.0,86.0,,,,,,in_progress,
4NI19CS077,OMKAR KULAKARNI,CS6C04,Web Technologies & Applications,6,B,,20.0,0.0,17.0,,,,37.0,74.0,,,,,,in_progress,ABSENT
4NI19CS080,POOJA B,CS6C04,Web Technologies & Applications,6,B,,7.0,20.0,25.0,,,,45.0,90.0,,,,,,in_progress,
4NI19CS085,PRATIK TELGANI,CS6C04,Web Technologies & Applications,6,B,,15.0,25.0,20.0,,,,45.0,90.0,,,,,,in_progress,
4NI19CS087,PRIYANKA S M,CS6C04,Web Technologies & Applications,6,B,,15.0,16.0,0.0,,,,31.0,62.0,,,,,,in_progress,ABSENT
4NI19CS089,RAGHAV GOENKA,CS6C04,Web Technologies & Applications,6,B,,22.0,25.0,0.0,,,,47.0,94.0,,,,,,in_progress,ABSENT
4NI19CS090,RAGHAV KAUSHAL,CS6C04,Web Technologies & Applications,6,B,,12.0,13.0,19.0,,,,32.0,64.0,,,,,,in_progress,
4NI19CS091,RAKESH SHARMA,CS6C04,Web Technologies & Applications,6,B,,17.0,11.0,25.0,,,,42.0,84.0,,,,,,in_progress,
4NI19CS092,RAMITHA R,CS6C04,Web Technologies & Applications,6,B,,13.0,12.0,25.0,,,,38.0,76.0,,,,,,in_progress,
4NI19CS093,RITHESH PREETHAM M,CS6C04,Web Technologies & Applications,6,B,,12.0,5.0,25.0,,,,37.0,74.0,,,,,,in_progress,
4NI19CS094,ROHAN SANJEEV TENGINKAI,CS6C04,Web Technologies & Applications,6,B,,24.0,23.0,0.0,,,,47.0,94.0,,,,,,in_progress,ABSENT
4NI19CS095,SACHIN SAHARA,CS6C04,Web Technologies & Applications,6,B,,17.0,23.0,0.0,,,,40.0,80.0,,,,,,in_progress,ABSENT
4NI19CS096,SAMARESH M S,CS6C04,Web Technologies & Applications,6,B,,20.0,0.0,21.0,,,,41.0,82.0,,,,,,in_progress,ABSENT
4NI19CS097,SANJANA URS K,CS6C04,Web Technologies & Applications,6,B,,19.0,23.0,25.0,,,,48.0,96.0,,,,,,in_progress,
4NI19CS098,SANTHRUPTH S,CS6C04,Web Technologies & Applications,6,B,,22.0,0.0,20.0,,,,42.0,84.0,,,,,,in_progress,ABSENT
4NI19CS099,SATHKEERTHI Y AGNIHOTHRI,CS6C04,Web Technologies & Applications,6,B,,18.0,25.0,25.0,,,,50.0,100.0,,,,,,in_progress,
4NI19CS100,SAUMYA NIGAM,CS6C04,Web Technologies & Applications,6,B,,15.0,0.0,23.0,,,,38.0,76.0,,,,,,in_progress,ABSENT
4NI19CS101,SHALINI S G,CS6C04,Web Technologies & Applications,6,B,,18.0,18.0,21.0,,,,39.0,78.0,,,,,,in_progress,
4NI19CS102,SHAMANTH G,CS6C04,Web Technologies & Applications,6,B,,20.0,25.0,25.0,,,,50.0,100.0,,,,,,in_progress,
4NI19CS103,SHREESH KULKARNI,CS6C04,Web Technologies & Applications,6,B,,23.0,0.0,25.0,,,,48.0,96.0,,,,,,in_progress,ABSENT
4NI19CS104,SHRIVATHSA RAO B V,CS6C04,Web Technologies & Applications,6,B,,6.0,20.0,20.0,,,,40.0,80.0,,,,,,in_progress,
4NI19CS105,SHUBHAM M SASTEKAR,CS6C04,Web Technologies & Applications,6,B,,18.0,0.0,25.0,,,,43.0,86.0,,,,,,in_progress,ABSENT
4NI19CS106,SHYAM PRASAD M,CS6C04,Web Technologies & Applications,6,B,,12.0,20.0,21.0,,,,41.0,82.0,,,,,,in_progress,
4NI19CS107,SRUJAN GOWDA S J,CS6C04,Web Technologies & Applications,6,B,,20.0,25.0,22.0,,,,47.0,94.0,,,,,,in_progress,
4NI19CS108,SURAJ PRAKASH,CS6C04,Web Technologies & Applications,6,B,,22.0,22.0,21.0,,,,44.0,88.0,,,,,,in_progress,
4NI19CS109,SURESH,CS6C04,Web Technologies & Applications,6,B,,7.0,14.0,25.0,,,,39.0,78.0,,,,,,in_progress,
4NI19CS110,T P VADHIRAJ,CS3C03,Computer Org. & Architecture,3,A,,0.0,18.0,,,,6.0,24.0,48.0,,,,,,in_progress,
4NI19CS111,T PRASANNA,CS6C04,Web Technologies & Applications,6,B,,23.0,25.0,0.0,,,,48.0,96.0,,,,,,in_progress,ABSENT
4NI19CS112,TANAY VERMA,CS6C04,Web Technologies & Applications,6,B,,18.0,17.0,0.0,,,,35.0,70.0,,,,,,in_progress,ABSENT
4NI19CS113,TANISHA MACHAIAH M,CS6C04,Web Technologies & Applications,6,B,,22.0,19.0,25.0,,,,47.0,94.0,,,,,,in_progress,
4NI19CS114,TANMAY KUMAR,CS6C04,Web Technologies & Applications,6,B,,15.0,20.0,21.0,,,,41.0,82.0,,,,,,in_progress,
4NI19CS115,TULASI U,CS6C04,Web Technologies & Applications,6,B,,1.0,2.0,5.0,,,,7.0,14.0,,,,,,in_progress,
4NI19CS116,UTKARSH SINGH,CS6C04,Web Technologies & Applications,6,B,,20.0,25.0,0.0,,,,45.0,90.0,,,,,,in_progress,ABSENT
4NI19CS117,VACHAN CHANDRASHEKAR MENDON,CS6C04,Web Technologies & Applications,6,B,,12.0,10.0,22.0,,,,34.0,68.0,,,,,,in_progress,
4NI19CS118,VAIBHAV SINGH,CS6C04,Web Technologies & Applications,6,B,,24.0,23.0,0.0,,,,47.0,94.0,,,,,,in_progress,ABSENT
4NI19CS119,VAMSHI M JOIS,CS6C04,Web Technologies & Applications,6,B,,7.0,20.0,1.0,,,,27.0,54.0,,,,,,in_progress,
4NI19CS120,VARUN M,CS6C04,Web Technologies & Applications,6,B,,24.0,22.0,0.0,,,,46.0,92.0,,,,,,in_progress,ABSENT
4NI19CS121,VEERESH ANGADI BAPPUR,CS6C04,Web Technologies & Applications,6,B,,11.0,0.0,14.0,,,,25.0,50.0,,,,,,in_progress,ABSENT
4NI19CS121,VEERESH ANGADI BAPPUR,CS3C03,Computer Org. & Architecture,3,B,,5.0,14.0,,,,5.0,24.0,48.0,,,,,,in_progress,
4NI19CS122,VINEETH MADHUSOODANAN,CS6C04,Web Technologies & Applications,6,B,,18.0,22.0,22.0,,,,44.0,88.0,,,,,,in_progress,
4NI19CS123,YASH CHAUHAN,CS6C04,Web Technologies & Applications,6,B,,19.0,23.0,20.0,,,,43.0,86.0,,,,,,in_progress,
4NI19CS124,YELLALA MANEESH REDDY,CS6C04,Web Technologies & Applications,6,B,,21.0,20.0,0.0,,,,41.0,82.0,,,,,,in_progress,ABSENT
4NI19CS400,ADITHYA S S,CS3C01,Data Structures,3,A,,12.0,8.0,13.0,,,,25.0,50.0,,,,,,in_progress,
4NI19CS400,ADITHYA S S,CS8E501,Storage Area Networks,8,A,,0.0,11.0,15.0,,,,26.0,52.0,,,,,,in_progress,ABSENT
4NI19CS401,BI BI AYESHA,CS3C01,Data Structures,3,A,,4.0,13.0,24.0,,,,37.0,74.0,,,,,,in_progress,
4NI19CS402,ENOSH V,CS3C01,Data Structures,3,A,,13.0,10.0,13.0,,,,26.0,52.0,,,,,,in_progress,
4NI19CS402,ENOSH V,CS8E501,Storage Area Networks,8,A,,22.0,22.0,0.0,,,,44.0,88.0,,,,,,in_progress,ABSENT
4NI19CS403,IZHAR SHARIFF,CS3C01,Data Structures,3,A,,6.0,11.0,16.0,,,,27.0,54.0,,,,,,in_progress,
4NI19CS403,IZHAR SHARIFF,CS8E501,Storage Area Networks,8,A,,10.0,18.0,0.0,,,,28.0,56.0,,,,,,in_progress,ABSENT
4NI19CS404,KARTHIKANAIK D,CS3C01,Data Structures,3,A,,21.0,22.0,0.0,,,,43.0,86.0,,,,,,in_progress,ABSENT
4NI19CS404,KARTHIKANAIK D,CS8E501,Storage Area Networks,8,A,,16.0,15.0,0.0,,,,31.0,62.0,,,,,,in_progress,ABSENT
4NI19CS405,MAHANTHESHA G D,CS3C01,Data Structures,3,A,,9.0,24.0,16.0,,,,40.0,80.0,,,,,,in_progress,
4NI19CS405,MAHANTHESHA G D,CS8E501,Storage Area Networks,8,A,,18.0,23.0,0.0,,,,41.0,82.0,,,,,,in_progress,ABSENT
4NI19CS406,SAHANA R,CS3C01,Data Structures,3,A,,15.0,15.0,9.0,,,,30.0,60.0,,,,,,in_progress,
4NI19CS407,SHASHANK A,CS3C01,Data Structures,3,A,,19.0,21.0,23.0,,,,44.0,88.0,,,,,,in_progress,
4NI19CS408,SNEHA K,CS3C01,Data Structures,3,A,,15.0,14.0,5.0,,,,29.0,58.0,,,,,,in_progress,
4NI19CS409,SYEDA HEENA KAUSAR,CS3C01,Data Structures,3,A,,10.0,8.0,23.0,,,,33.0,66.0,,,,,,in_progress,
4NI19CS409,SYEDA HEENA KAUSAR,CS8E501,Storage Area Networks,8,A,,25.0,25.0,0.0,,,,50.0,100.0,,,,,,in_progress,ABSENT
4NI19CS410,THEJASWINI V,CS3C01,Data Structures,3,A,,6.0,5.0,10.0,,,,16.0,32.0,,,,,,in_progress,
4NI19CS410,THEJASWINI V,CS8E501,Storage Area Networks,8,A,,11.0,25.0,0.0,,,,36.0,72.0,,,,,,in_progress,ABSENT
4NI19CS411,VENKATESH S,CS3C01,Data Structures,3,A,,4.0,10.0,15.0,,,,25.0,50.0,,,,,,in_progress,
4NI20CS001,ABDUL RAZZAQ DEPUTY,CS3C03,Computer Org. & Architecture,3,A,,20.0,14.0,,,,9.0,43.0,86.0,,,,,,in_progress,
4NI20CS002,ABHIMANYU DWIBEDI,CS3C03,Computer Org. & Architecture,3,A,,20.0,20.0,,,,7.0,47.0,94.0,,,,,,in_progress,
4NI20CS003,ABHISHEK ASHOK NAIK,CS3C03,Computer Org. & Architecture,3,A,,18.0,20.0,,,,9.0,47.0,94.0,,,,,,in_progress,
4NI20CS004,ADARSH K POOJARY,CS3C03,Computer Org. & Architecture,3,A,,16.0,10.0,,,,4.0,30.0,60.0,,,,,,in_progress,
4NI20CS005,ADITI V POGAL,CS3C03,Computer Org. & Architecture,3,A,,13.0,11.0,,,,6.0,30.0,60.0,,,,,,in_progress,
4NI20CS006,ADITYA LAL,CS3C03,Computer Org. & Architecture,3,B,,13.0,17.0,,,,8.0,38.0,76.0,,,,,,in_progress,
4NI20CS007,AJITH B S,CS3C03,Computer Org. & Architecture,3,A,,9.0,16.0,,,,7.0,32.0,64.0,,,,,,in_progress,
4NI20CS008,AKARSH KASHYAP,CS3C03,Computer Org. & Architecture,3,B,,11.0,18.0,,,,4.0,33.0,66.0,,,,,,in_progress,
4NI20CS009,AKASH H P,CS3C03,Computer Org. & Architecture,3,A,,19.0,15.0,,,,9.0,43.0,86.0,,,,,,in_progress,
4NI20CS010,ALSON CHRIS DSOUZA,CS3C03,Computer Org. & Architecture,3,A,,19.0,20.0,,,,7.0,46.0,92.0,,,,,,in_progress,
4NI20CS011,AMOGH B KUMAR,CS3C03,Computer Org. & Architecture,3,A,,14.0,8.0,,,,3.0,25.0,50.0,,,,,,in_progress,
4NI20CS012,ANAGHA MOHAN,CS3C03,Computer Org. & Architecture,3,A,,16.0,16.0,,,,9.0,41.0,82.0,,,,,,in_progress,
4NI20CS013,ANAND KUMAR,CS3C03,Computer Org. & Architecture,3,A,,17.0,18.0,,,,7.0,42.0,84.0,,,,,,in_progress,
4NI20CS014,ANKITH B SHETTY,CS3C03,Computer Org. & Architecture,3,A,,18.0,17.0,,,,9.0,44.0,88.0,,,,,,in_progress,
4NI20CS015,ANUSHKA V,CS3C03,Computer Org. & Architecture,3,A,,19.0,16.0,,,,5.0,40.0,80.0,,,,,,in_progress,
4NI20CS017,ARNAV KUMAR,CS3C03,Computer Org. & Architecture,3,A,,12.0,15.0,,,,7.0,34.0,68.0,,,,,,in_progress,
4NI20CS018,ARUN G,CS3C03,Computer Org. & Architecture,3,A,,19.0,18.0,,,,9.0,46.0,92.0,,,,,,in_progress,
4NI20CS019,ARYA ARUN BHOSALE,CS3C03,Computer Org. & Architecture,3,A,,17.0,11.0,,,,4.0,32.0,64.0,,,,,,in_progress,
4NI20CS020,ASHIKA JAYANTH,CS3C03,Computer Org. & Architecture,3,A,,10.0,3.0,,,,7.0,20.0,40.0,,,,,,in_progress,
4NI20CS021,BHAGYASHREE N M,CS3C03,Computer Org. & Architecture,3,A,,20.0,20.0,,,,8.0,48.0,96.0,,,,,,in_progress,
4NI20CS022,BHAVYASHREE B,CS3C03,Computer Org. & Architecture,3,A,,10.0,10.0,,,,4.0,24.0,48.0,,,,,,in_progress,
4NI20CS023,CHANDAN N U,CS3C03,Computer Org. & Architecture,3,A,,7.0,15.0,,,,2.0,24.0,48.0,,,,,,in_progress,
4NI20CS024,CHANDRA CHUDA M S,CS3C03,Computer Org. & Architecture,3,A,,13.0,15.0,,,,5.0,33.0,66.0,,,,,,in_progress,
4NI20CS025,CHIRAG S MADA,CS3C03,Computer Org. & Architecture,3,A,,10.0,7.0,,,,3.0,20.0,40.0,,,,,,in_progress,
4NI20CS026,CHIRANTH KRISHNA K,CS3C03,Computer Org. & Architecture,3,A,,18.0,17.0,,,,8.0,43.0,86.0,,,,,,in_progress,
4NI20CS027,D SUNIL KUMAR,CS3C03,Computer Org. & Architecture,3,A,,19.0,20.0,,,,6.0,45.0,90.0,,,,,,in_progress,
4NI20CS028,DEBRAJ ROY,CS3C03,Computer Org. & Architecture,3,A,,18.0,17.0,,,,9.0,44.0,88.0,,,,,,in_progress,
4NI20CS029,DHRUV TYAGI,CS3C03,Computer Org. & Architecture,3,A,,8.0,13.0,,,,6.0,27.0,54.0,,,,,,in_progress,
4NI20CS030,DINESH BALIVADA,CS3C03,Computer Org. & Architecture,3,A,,19.0,18.0,,,,8.0,45.0,90.0,,,,,,in_progress,
4NI20CS031,DIVYASHREE C,CS3C03,Computer Org. & Architecture,3,A,,17.0,10.0,,,,7.0,34.0,68.0,,,,,,in_progress,
4NI20CS032,DIYA,CS3C03,Computer Org. & Architecture,3,A,,18.0,18.0,,,,8.0,44.0,88.0,,,,,,in_progress,
4NI20CS033,DYUTHI K URS,CS3C03,Computer Org. & Architecture,3,A,,10.0,8.0,,,,4.0,22.0,44.0,,,,,,in_progress,
4NI20CS034,GAURI V,CS3C03,Computer Org. & Architecture,3,A,,12.0,13.0,,,,4.0,29.0,58.0,,,,,,in_progress,
4NI20CS035,GURUMADWA KOUSHIK,CS3C03,Computer Org. & Architecture,3,B,,8.0,14.0,,,,4.0,26.0,52.0,,,,,,in_progress,
4NI20CS036,HARENDRA,CS3C03,Computer Org. & Architecture,3,B,,11.0,12.0,,,,5.0,28.0,56.0,,,,,,in_progress,
4NI20CS037,HARSHAL SRIVASTAVA,CS3C03,Computer Org. & Architecture,3,A,,17.0,16.0,,,,3.0,36.0,72.0,,,,,,in_progress,
4NI20CS038,HARSHIT JOSHI,CS3C03,Computer Org. & Architecture,3,B,,14.0,19.0,,,,6.0,39.0,78.0,,,,,,in_progress,
4NI20CS039,HARSHIT SRIVASTAVA,CS3C03,Computer Org. & Architecture,3,A,,16.0,19.0,,,,7.0,42.0,84.0,,,,,,in_progress,
4NI20CS040,HARSHITA BISHT,CS3C03,Computer Org. & Architecture,3,A,,18.0,16.0,,,,7.0,41.0,82.0,,,,,,in_progress,
4NI20CS041,ISHIKA,CS3C03,Computer Org. & Architecture,3,A,,12.0,19.0,,,,7.0,38.0,76.0,,,,,,in_progress,
4NI20CS042,JAGADISH N,CS3C03,Computer Org. & Architecture,3,A,,15.0,20.0,,,,7.0,42.0,84.0,,,,,,in_progress,
4NI20CS043,JAYALAKSHMI Y,CS3C03,Computer Org. & Architecture,3,A,,18.0,18.0,,,,8.0,44.0,88.0,,,,,,in_progress,
4NI20CS044,JEEVAN N M,CS3C03,Computer Org. & Architecture,3,A,,18.0,18.0,,,,5.0,41.0,82.0,,,,,,in_progress,
4NI20CS045,KUSHAGRA RAJ GUPTA,CS3C03,Computer Org. & Architecture,3,A,,15.0,16.0,,,,5.0,36.0,72.0,,,,,,in_progress,
4NI20CS046,MADAN CN,CS3C03,Computer Org. & Architecture,3,A,,3.0,10.0,,,,7.0,20.0,40.0,,,,,,in_progress,
4NI20CS047,MAHENDRA S H,CS3C03,Computer Org. & Architecture,3,A,,14.0,5.0,,,,7.0,26.0,52.0,,,,,,in_progress,
4NI20CS048,MANALI MAHESH BANDIVADEKAR,CS3C03,Computer Org. & Architecture,3,A,,17.0,14.0,,,,9.0,40.0,80.0,,,,,,in_progress,
4NI20CS049,MANOJ P N,CS3C03,Computer Org. & Architecture,3,A,,16.0,11.0,,,,3.0,30.0,60.0,,,,,,in_progress,
4NI20CS050,MANOJ S H,CS3C03,Computer Org. & Architecture,3,A,,13.0,12.0,,,,3.0,28.0,56.0,,,,,,in_progress,
4NI20CS051,MAUSAM BORAH,CS3C03,Computer Org. & Architecture,3,A,,19.0,15.0,,,,8.0,42.0,84.0,,,,,,in_progress,
4NI20CS052,MD SHAUKAT,CS3C03,Computer Org. & Architecture,3,B,,11.0,16.0,,,,3.0,30.0,60.0,,,,,,in_progress,
4NI20CS053,MEDHA,CS3C03,Computer Org. & Architecture,3,A,,17.0,7.0,,,,3.0,27.0,54.0,,,,,,in_progress,
4NI20CS054,MOHITH ARADHYA,CS3C03,Computer Org. & Architecture,3,A,,15.0,7.0,,,,3.0,25.0,50.0,,,,,,in_progress,
4NI20CS055,MONIKA K,CS3C03,Computer Org. & Architecture,3,A,,17.0,18.0,,,,8.0,43.0,86.0,,,,,,in_progress,
4NI20CS056,NADIYA KHAN,CS3C03,Computer Org. & Architecture,3,A,,18.0,12.0,,,,7.0,37.0,74.0,,,,,,in_progress,
4NI20CS057,NAGA PRAJWAL N,CS3C03,Computer Org. & Architecture,3,A,,15.0,11.0,,,,7.0,33.0,66.0,,,,,,in_progress,
4NI20CS058,NAMAN ARBIND,CS3C03,Computer Org. & Architecture,3,A,,9.0,12.0,,,,4.0,25.0,50.0,,,,,,in_progress,
4NI20CS059,NEEHARIKA THANGAMMA,CS3C03,Computer Org. & Architecture,3,A,,13.0,10.0,,,,5.0,28.0,56.0,,,,,,in_progress,
4NI20CS060,NEERAJA K REDDY,CS3C03,Computer Org. & Architecture,3,A,,0.0,0.0,,,,0.0,0.0,0.0,,,,,,in_progress,ABSENT;ABSENT;ABSENT
4NI20CS061,NETHRA MANJUNATH,CS3C03,Computer Org. & Architecture,3,A,,18.0,18.0,,,,6.0,42.0,84.0,,,,,,in_progress,
4NI20CS062,NETRAVATHI K S,CS3C03,Computer Org. & Architecture,3,B,,15.0,15.0,,,,6.0,36.0,72.0,,,,,,in_progress,
4NI20CS063,PRADEEP B R,CS3C03,Computer Org. & Architecture,3,A,,13.0,15.0,,,,5.0,33.0,66.0,,,,,,in_progress,
4NI20CS065,PRAMITH C S,CS3C03,Computer Org. & Architecture,3,A,,15.0,14.0,,,,4.0,33.0,66.0,,,,,,in_progress,
4NI20CS066,PRANAV H V,CS3C03,Computer Org. & Architecture,3,A,,15.0,15.0,,,,4.0,34.0,68.0,,,,,,in_progress,
4NI20CS067,PRATEEK KUMAR CHOUBEY,CS3C03,Computer Org. & Architecture,3,B,,12.0,17.0,,,,8.0,37.0,74.0,,,,,,in_progress,
4NI20CS068,PRATHAM VIJAY VARGIYA,CS3C03,Computer Org. & Architecture,3,A,,14.0,17.0,,,,9.0,40.0,80.0,,,,,,in_progress,
4NI20CS069,PRAVEEN NARAYAN BHAT,CS3C03,Computer Org. & Architecture,3,B,,19.0,20.0,,,,5.0,44.0,88.0,,,,,,in_progress,
4NI20CS070,PREETHAM B N,CS3C03,Computer Org. & Architecture,3,B,,10.0,18.0,,,,2.0,30.0,60.0,,,,,,in_progress,
4NI20CS071,PRIYANKA,CS3C03,Computer Org. & Architecture,3,B,,15.0,20.0,,,,4.0,39.0,78.0,,,,,,in_progress,
4NI20CS072,PRUTHVIK KALBURGI,CS3C03,Computer Org. & Architecture,3,B,,20.0,18.0,,,,9.0,47.0,94.0,,,,,,in_progress,
4NI20CS073,PUJITHA R C,CS3C03,Computer Org. & Architecture,3,B,,18.0,18.0,,,,8.0,44.0,88.0,,,,,,in_progress,
4NI20CS074,RAHUL KRISHNA NAIR,CS3C03,Computer Org. & Architecture,3,B,,16.0,18.0,,,,7.0,41.0,82.0,,,,,,in_progress,
4NI20CS075,RAKSHITH ARYA,CS3C03,Computer Org. & Architecture,3,B,,13.0,10.0,,,,5.0,28.0,56.0,,,,,,in_progress,
4NI20CS076,RISHAB M JAIN,CS3C03,Computer Org. & Architecture,3,B,,17.0,15.0,,,,5.0,37.0,74.0,,,,,,in_progress,
4NI20CS077,RITEESH DEEPAK PAI,CS3C03,Computer Org. & Architecture,3,B,,20.0,20.0,,,,7.0,47.0,94.0,,,,,,in_progress,
4NI20CS078,RITESH BAGATI,CS3C03,Computer Org. & Architecture,3,B,,15.0,17.0,,,,3.0,35.0,70.0,,,,,,in_progress,
4NI20CS079,RITIK MISHRA,CS3C03,Computer Org. & Architecture,3,B,,17.0,14.0,,,,3.0,34.0,68.0,,,,,,in_progress,
4NI20CS080,RUCHITH RAMESH,CS3C03,Computer Org. & Architecture,3,B,,17.0,13.0,,,,2.0,32.0,64.0,,,,,,in_progress,
4NI20CS081,S SAPNA,CS3C03,Computer Org. & Architecture,3,B,,19.0,20.0,,,,6.0,45.0,90.0,,,,,,in_progress,
4NI20CS082,SADANA H J,CS3C03,Computer Org. & Architecture,3,B,,15.0,20.0,,,,9.0,44.0,88.0,,,,,,in_progress,
4NI20CS083,SAHANASWAMY K P,CS3C03,Computer Org. & Architecture,3,B,,20.0,20.0,,,,9.0,49.0,98.0,,,,,,in_progress,
4NI20CS084,SAMEER KUMAR,CS3C03,Computer Org. & Architecture,3,B,,14.0,15.0,,,,3.0,32.0,64.0,,,,,,in_progress,
4NI20CS085,SANDEEP,CS3C03,Computer Org. & Architecture,3,B,,19.0,19.0,,,,8.0,46.0,92.0,,,,,,in_progress,
4NI20CS086,SANJANA AJIT BHAT,CS3C03,Computer Org. & Architecture,3,B,,20.0,14.0,,,,8.0,42.0,84.0,,,,,,in_progress,
4NI20CS087,SANJANA ANANTHU,CS3C03,Computer Org. & Architecture,3,B,,7.0,16.0,,,,1.0,24.0,48.0,,,,,,in_progress,
4NI20CS088,SANJAY S,CS3C03,Computer Org. & Architecture,3,B,,14.0,7.0,,,,3.0,24.0,48.0,,,,,,in_progress,
4NI20CS089,SARTHAK KUMAR SINGH,CS3C03,Computer Org. & Architecture,3,B,,13.0,12.0,,,,5.0,30.0,60.0,,,,,,in_progress,
4NI20CS090,SASIDHAR MEKA,CS3C03,Computer Org. & Architecture,3,B,,19.0,20.0,,,,9.0,48.0,96.0,,,,,,in_progress,
4NI20CS091,SHAAN SOMAIAH A B,CS3C03,Computer Org. & Architecture,3,B,,19.0,18.0,,,,4.0,41.0,82.0,,,,,,in_progress,
4NI20CS092,SHARANIDHI M N,CS3C03,Computer Org. & Architecture,3,B,,8.0,7.0,,,,7.0,22.0,44.0,,,,,,in_progress,
4NI20CS093,SHARATH CHANDRA NIRMALA,CS3C03,Computer Org. & Architecture,3,B,,20.0,7.0,,,,2.0,29.0,58.0,,,,,,in_progress,
4NI20CS094,SHASHANK K R,CS3C03,Computer Org. & Architecture,3,B,,9.0,14.0,,,,3.0,26.0,52.0,,,,,,in_progress,
4NI20CS095,SHASHANK KUMAR,CS3C03,Computer Org. & Architecture,3,B,,0.0,0.0,,,,0.0,0.0,0.0,,,,,,in_progress,ABSENT;ABSENT;ABSENT
4NI20CS096,SHASHANK SHANDILYA,CS3C03,Computer Org. & Architecture,3,B,,18.0,12.0,,,,3.0,33.0,66.0,,,,,,in_progress,
4NI20CS097,SHIVA SANDEEP N,CS3C03,Computer Org. & Architecture,3,B,,18.0,19.0,,,,4.0,41.0,82.0,,,,,,in_progress,
4NI20CS098,SHIVANI M BHAT,CS3C03,Computer Org. & Architecture,3,B,,14.0,18.0,,,,6.0,38.0,76.0,,,,,,in_progress,
4NI20CS099,SHREE HARI H P,CS3C03,Computer Org. & Architecture,3,B,,20.0,18.0,,,,7.0,45.0,90.0,,,,,,in_progress,
4NI20CS100,SHREYA VENKANNA NAYAK,CS3C03,Computer Org. & Architecture,3,B,,19.0,20.0,,,,9.0,48.0,96.0,,,,,,in_progress,
4NI20CS101,SIDDHARTHA BANERJEE,CS3C03,Computer Org. & Architecture,3,B,,18.0,14.0,,,,4.0,36.0,72.0,,,,,,in_progress,
4NI20CS102,SIDHANT GUPTA,CS3C03,Computer Org. & Architecture,3,B,,19.0,6.0,,,,4.0,29.0,58.0,,,,,,in_progress,
4NI20CS103,SINCHANA S,CS3C03,Computer Org. & Architecture,3,B,,19.0,14.0,,,,4.0,37.0,74.0,,,,,,in_progress,
4NI20CS104,SKLITA BUTHELLO,CS3C03,Computer Org. & Architecture,3,B,,20.0,20.0,,,,10.0,50.0,100.0,,,,,,in_progress,
4NI20CS105,SNEHA N,CS3C03,Computer Org. & Architecture,3,B,,20.0,20.0,,,,9.0,49.0,98.0,,,,,,in_progress,
4NI20CS106,SOMALINGA,CS3C03,Computer Org. & Architecture,3,B,,8.0,16.0,,,,2.0,26.0,52.0,,,,,,in_progress,
4NI20CS107,SOUNDARYA K,CS3C03,Computer Org. & Architecture,3,A,,20.0,15.0,,,,8.0,43.0,86.0,,,,,,in_progress,
4NI20CS108,SUMAN NOUREEN,CS3C03,Computer Org. & Architecture,3,B,,10.0,10.0,,,,6.0,26.0,52.0,,,,,,in_progress,
4NI20CS109,SUMUKHA S,CS3C03,Computer Org. & Architecture,3,B,,2.0,13.0,,,,5.0,20.0,40.0,,,,,,in_progress,
4NI20CS110,SURYA M D GOWDA,CS3C03,Computer Org. & Architecture,3,A,,15.0,11.0,,,,3.0,29.0,58.0,,,,,,in_progress,
4NI20CS111,SUSHEELA S B,CS3C03,Computer Org. & Architecture,3,B,,20.0,18.0,,,,10.0,48.0,96.0,,,,,,in_progress,
4NI20CS112,TIRUVEEDI POORNODAY,CS3C03,Computer Org. & Architecture,3,B,,18.0,19.0,,,,4.0,41.0,82.0,,,,,,in_progress,
4NI20CS113,TUSHAR RAJARAM JADHAV,CS3C03,Computer Org. & Architecture,3,B,,15.0,14.0,,,,6.0,35.0,70.0,,,,,,in_progress,
4NI20CS114,UJWAL MAHADEV NAIK,CS3C03,Computer Org. & Architecture,3,B,,18.0,16.0,,,,6.0,40.0,80.0,,,,,,in_progress,
4NI20CS115,UMESH ARADHYA P,CS3C03,Computer Org. & Architecture,3,B,,18.0,15.0,,,,5.0,38.0,76.0,,,,,,in_progress,
4NI20CS116,VARSHA M S,CS3C03,Computer Org. & Architecture,3,B,,9.0,10.0,,,,6.0,25.0,50.0,,,,,,in_progress,
4NI20CS117,VARSHINI S DAS,CS3C03,Computer Org. & Architecture,3,B,,19.0,18.0,,,,8.0,45.0,90.0,,,,,,in_progress,
4NI20CS118,VARUN D K,CS3C03,Computer Org. & Architecture,3,B,,15.0,11.0,,,,1.0,27.0,54.0,,,,,,in_progress,
4NI20CS119,VARUN MADYALKAR,CS3C03,Computer Org. & Architecture,3,B,,2.0,8.0,,,,0.0,10.0,20.0,,,,,,in_progress,
4NI20CS120,VARUN S S,CS3C03,Computer Org. & Architecture,3,B,,17.0,18.0,,,,8.0,43.0,86.0,,,,,,in_progress,
4NI20CS121,VIGNESHWAR RAVINDRAN,CS3C03,Computer Org. & Architecture,3,A,,9.0,18.0,,,,2.0,29.0,58.0,,,,,,in_progress,
4NI20CS122,VIKAS P,CS3C03,Computer Org. & Architecture,3,B,,14.0,17.0,,,,3.0,34.0,68.0,,,,,,in_progress,
4NI20CS123,VINAYAKA U,CS3C03,Computer Org. & Architecture,3,B,,14.0,15.0,,,,4.0,33.0,66.0,,,,,,in_progress,
4NI20CS124,VISHAL M V,CS3C03,Computer Org. & Architecture,3,B,,10.0,13.0,,,,5.0,28.0,56.0,,,,,,in_progress,
4NI20CS125,VISHAL SANGAM L G,CS3C03,Computer Org. & Architecture,3,B,,14.0,18.0,,,,1.0,33.0,66.0,,,,,,in_progress,
4NI20CS126,VRISHANKH KISHORE,CS3C03,Computer Org. & Architecture,3,B,,15.0,6.0,,,,1.0,22.0,44.0,,,,,,in_progress,
4NI20CS127,YOGEESH R S,CS3C03,Computer Org. & Architecture,3,B,,20.0,20.0,,,,7.0,47.0,94.0,,,,,,in_progress,
4NI20CS128,SANMITHA L,CS3C03,Computer Org. & Architecture,3,A,,17.0,16.0,,,,9.0,42.0,84.0,,,,,,in_progress,
4NI20CS406,SANDHYA H S,CS6C04,Web Technologies & Applications,6,B,,10.0,13.0,20.0,,,,33.0,66.0,,,,,,in_progress,
4NI20CS407,SHREYA M,CS6C04,Web Technologies & Applications,6,B,,8.0,20.0,24.0,,,,44.0,88.0,,,,,,in_progress,
4NI20CS409,VIDYASHREE M S,CS6C04,Web Technologies & Applications,6,B,,11.0,20.0,25.0,,,,45.0,90.0,,,,,,in_progress,
