student_id,student_name,course_code,semester,section,issue
4NI14CS122,YOGANANDANA K S,CS6C04,6,B,ABSENT
4NI17CS016,DARSHAN G,CS3C03,3,A,ABSENT
4NI17CS016,DARSHAN G,CS8E501,8,A,ABSENT
4NI18CS009,ANTHONY LAVINA S,CS8E501,8,A,ABSENT
4NI18CS014,BALAJI SENTHILKUMAR,CS3C01,3,A,ABSENT
4NI18CS014,BALAJI SENTHILKUMAR,CS8E501,8,A,ABSENT
4NI18CS016,BHUVANA M G,CS3C03,3,A,ABSENT
4NI18CS018,CHINTALAPATI MANI SAHITHI,CS8E501,8,A,ABSENT
4NI18CS021,DIGAVINTI SAI SREEKANTH REDDY,CS8E501,8,A,ABSENT
4NI18CS024,GAYATRI R,CS3C01,3,A,ABSENT
4NI18CS025,H G SAATVIK,CS3C01,3,A,ABSENT
4NI18CS043,NAMAN BHANSALI,CS3C01,3,A,NOT_ELIGIBLE
4NI18CS049,PARITHOSH D,CS8E501,8,A,ABSENT
4NI18CS063,REVATHI ARANGASWAMY MUTHUKUMAAR,CS8E501,8,A,ABSENT
4NI18CS065,ROHAN H,CS3C01,3,A,ABSENT
4NI18CS068,SACHIN JANARDHAN HEDGE,CS8E501,8,A,ABSENT
4NI18CS073,SANCHYA K B,CS8E501,8,A,ABSENT
4NI18CS080,SHIVAGANESH PATTANKAR,CS3C01,3,A,ABSENT
4NI18CS080,SHIVAGANESH PATTANKAR,CS8E501,8,A,ABSENT
4NI18CS084,SHIVARAJ S GALAGALI,CS8E501,8,A,ABSENT
4NI18CS085,SHRI GANDHA B C,CS3C01,3,A,ABSENT
4NI18CS086,SHRINIVAS KULKARNI,CS8E501,8,A,ABSENT
4NI18CS108,VEER PRATAP SINGH,CS3C01,3,A,ABSENT
4NI19CS009,ADITYA PRATAP SINGH,CS6C04,6,B,ABSENT
4NI19CS012,AKANKSHA MATTOO,CS6C04,6,B,ABSENT
4NI19CS018,AMAR SHINDHE,CS6C04,6,B,ABSENT
4NI19CS024,ANUP SIDDU R S,CS6C04,6,B,ABSENT
4NI19CS032,BHUVAN K,CS6C04,6,B,ABSENT
4NI19CS036,CHANDAN KUMAR,CS6C04,6,B,ABSENT
4NI19CS049,HARSHITH V,CS6C04,6,B,ABSENT
4NI19CS052,HRISHIKESH PRAVEEN NAYAK,CS6C04,6,B,ABSENT
4NI19CS073,NARAYANI H,CS6C04,6,B,ABSENT
4NI19CS077,OMKAR KULAKARNI,CS6C04,6,B,ABSENT
4NI19CS087,PRIYANKA S M,CS6C04,6,B,ABSENT
4NI19CS089,RAGHAV GOENKA,CS6C04,6,B,ABSENT
4NI19CS094,ROHAN SANJEEV TENGINKAI,CS6C04,6,B,ABSENT
4NI19CS095,SACHIN SAHARA,CS6C04,6,B,ABSENT
4NI19CS096,SAMARESH M S,CS6C04,6,B,ABSENT
4NI19CS098,SANTHRUPTH S,CS6C04,6,B,ABSENT
4NI19CS100,SAUMYA NIGAM,CS6C04,6,B,ABSENT
4NI19CS103,SHREESH KULKARNI,CS6C04,6,B,ABSENT
4NI19CS105,SHUBHAM M SASTEKAR,CS6C04,6,B,ABSENT
4NI19CS111,T PRASANNA,CS6C04,6,B,ABSENT
4NI19CS112,TANAY VERMA,CS6C04,6,B,ABSENT
4NI19CS116,UTKARSH SINGH,CS6C04,6,B,ABSENT
4NI19CS118,VAIBHAV SINGH,CS6C04,6,B,ABSENT
4NI19CS120,VARUN M,CS6C04,6,B,ABSENT
4NI19CS121,VEERESH ANGADI BAPPUR,CS6C04,6,B,ABSENT
4NI19CS124,YELLALA MANEESH REDDY,CS6C04,6,B,ABSENT
4NI19CS400,ADITHYA S S,CS8E501,8,A,ABSENT
4NI19CS402,ENOSH V,CS8E501,8,A,ABSENT
4NI19CS403,IZHAR SHARIFF,CS8E501,8,A,ABSENT
4NI19CS404,KARTHIKANAIK D,CS3C01,3,A,ABSENT
4NI19CS404,KARTHIKANAIK D,CS8E501,8,A,ABSENT
4NI19CS405,MAHANTHESHA G D,CS8E501,8,A,ABSENT
4NI19CS409,SYEDA HEENA KAUSAR,CS8E501,8,A,ABSENT
4NI19CS410,THEJASWINI V,CS8E501,8,A,ABSENT
4NI20CS060,NEERAJA K REDDY,CS3C03,3,A,ABSENT
4NI20CS095,SHASHANK KUMAR,CS3C03,3,B,ABSENT
