student_id,name,email,phone,department_id,admission_year,admission_quota,gender,mentor_faculty_id,semester,section,academic_term,batch_year,enrollment_status
4NI14CS034,H A BHASKAR NADIG,,,CSE,2014-15,,,,8,A,,2014-18,
4NI14CS122,YOGANANDANA K S,,,CSE,2014-15,,,,6,B,,2014-18,
4NI15CS002,ABHINANDAN A,,,CSE,2015-16,,,,8,A,,2015-19,
4NI16CS013,AKSHAY M SHET,,,CSE,2016-17,,,,3,A,,2016-20,
4NI16CS057,NARASIMHA MAHESH NADIG,,,CSE,2016-17,,,,3,A,,2016-20,
4NI17CS016,DARSHAN G,,,CSE,2017-18,,,,8,A,,2017-21,
4NI17CS055,PRANAV P DESHMUKH,,,CSE,2017-18,,,,3,A,,2017-21,
4NI17CS065,RAHULPHANIKUMAR P,,,CSE,2017-18,,,,8,A,,2017-21,
4NI18CS006,ALVES BENNY,,,CSE,2018-19,,,,3,A,,2018-22,
4NI18CS008,ANOOP M,,,CSE,2018-19,,,,8,A,,2018-22,
4NI18CS009,ANTHONY LAVINA S,,,CSE,2018-19,,,,8,A,,2018-22,
4NI18CS011,ASHISH CHAUHAN,,,CSE,2018-19,,,,3,A,,2018-22,
4NI18CS012,AYAM SHARMA,,,CSE,2018-19,,,,3,A,,2018-22,
4NI18CS013,B UMESH KUMAR,,,CSE,2018-19,,,,3,A,,2018-22,
4NI18CS014,BALAJI SENTHILKUMAR,,,CSE,2018-19,,,,8,A,,2018-22,
4NI18CS016,BHUVANA M G,,,CSE,2018-19,,,,3,A,,2018-22,
4NI18CS018,CHINTALAPATI MANI SAHITHI,,,CSE,2018-19,,,,8,A,,2018-22,
4NI18CS019,CHITRALA BADRINATH,,,CSE,2018-19,,,,3,A,,2018-22,
4NI18CS020,DEEPIKA B KUNDUR,,,CSE,2018-19,,,,3,A,,2018-22,
4NI18CS021,DIGAVINTI SAI SREEKANTH REDDY,,,CSE,2018-19,,,,8,A,,2018-22,
4NI18CS022,DIVYA CHOUDHARY,,,CSE,2018-19,,,,3,A,,2018-22,
4NI18CS023,EKTA SHARMA,,,CSE,2018-19,,,,3,A,,2018-22,
4NI18CS024,GAYATRI R,,,CSE,2018-19,,,,3,A,,2018-22,
4NI18CS025,H G SAATVIK,,,CSE,2018-19,,,,3,A,,2018-22,
4NI18CS026,HARISHA S,,,CSE,2018-19,,,,3,A,,2018-22,
4NI18CS027,HARSH VARDHAN SHARMA,,,CSE,2018-19,,,,3,A,,2018-22,
4NI18CS031,KEERTANA K HOSDURG,,,CSE,2018-19,,,,3,A,,2018-22,
4NI18CS032,KOUSHIK REDDY N,,,CSE,2018-19,,,,3,A,,2018-22,
4NI18CS033,KRUTHIK H N,,,CSE,2018-19,,,,3,A,,2018-22,
4NI18CS036,MAHESH G M,,,CSE,2018-19,,,,3,A,,2018-22,
4NI18CS037,MOHAMMED HASHMATH HUSSAIN,,,CSE,2018-19,,,,3,A,,2018-22,
4NI18CS038,MOHIT BHARGAVA,,,CSE,2018-19,,,,3,A,,2018-22,
4NI18CS039,MUKTHA DEVI R,,,CSE,2018-19,,,,3,A,,2018-22,
4NI18CS042,NAGASHREE R R,,,CSE,2018-19,,,,3,A,,2018-22,
4NI18CS043,NAMAN BHANSALI,,,CSE,2018-19,,,,3,A,,2018-22,
4NI18CS046,NIDHU,,,CSE,2018-19,,,,3,A,,2018-22,
4NI18CS047,NIKHIL NETTAR,,,CSE,2018-19,,,,3,A,,2018-22,
4NI18CS049,PARITHOSH D,,,CSE,2018-19,,,,8,A,,2018-22,
4NI18CS052,PRAHLADA,,,CSE,2018-19,,,,3,A,,2018-22,
4NI18CS055,PRUTHU V SIMHA,,,CSE,2018-19,,,,3,A,,2018-22,
4NI18CS056,PULKIT SINGH,,,CSE,2018-19,,,,8,A,,2018-22,
4NI18CS058,RAJKUMAR R,,,CSE,2018-19,,,,3,A,,2018-22,
4NI18CS061,RAKSHITHA M,,,CSE,2018-19,,,,3,A,,2018-22,
4NI18CS063,REVATHI ARANGASWAMY MUTHUKUMAAR,,,CSE,2018-19,,,,8,A,,2018-22,
4NI18CS064,RISHABH SINGAL,,,CSE,2018-19,,,,3,A,,2018-22,
4NI18CS065,ROHAN H,,,CSE,2018-19,,,,3,A,,2018-22,
4NI18CS066,RUCHIRA BHARADWAJ S,,,CSE,2018-19,,,,3,A,,2018-22,
4NI18CS067,RUTHIK RAJ N,,,CSE,2018-19,,,,8,A,,2018-22,
4NI18CS068,SACHIN JANARDHAN HEDGE,,,CSE,2018-19,,,,8,A,,2018-22,
4NI18CS069,SACHIN S CHITRAGAR,,,CSE,2018-19,,,,3,A,,2018-22,
4NI18CS070,SAHIL SETHI,,,CSE,2018-19,,,,3,A,,2018-22,
4NI18CS071,SAI NIRANJAN B N,,,CSE,2018-19,,,,3,A,,2018-22,
4NI18CS072,SAMBHAV K BHANDARI,,,CSE,2018-19,,,,3,A,,2018-22,
4NI18CS073,SANCHYA K B,,,CSE,2018-19,,,,8,A,,2018-22,
4NI18CS077,SANSKAR AGRAWAL,,,CSE,2018-19,,,,3,A,,2018-22,
4NI18CS079,SHASHANK K J,,,CSE,2018-19,,,,3,A,,2018-22,
4NI18CS080,SHIVAGANESH PATTANKAR,,,CSE,2018-19,,,,8,A,,2018-22,
4NI18CS082,SHIVAM,,,CSE,2018-19,,,,3,A,,2018-22,
4NI18CS083,SHIVAM MISHRA,,,CSE,2018-19,,,,3,A,,2018-22,
4NI18CS084,SHIVARAJ S GALAGALI,,,CSE,2018-19,,,,8,A,,2018-22,
4NI18CS085,SHRI GANDHA B C,,,CSE,2018-19,,,,3,A,,2018-22,
4NI18CS086,SHRINIVAS KULKARNI,,,CSE,2018-19,,,,8,A,,2018-22,
4NI18CS102,THANUSHREE G,,,CSE,2018-19,,,,6,B,,2018-22,
4NI18CS108,VEER PRATAP SINGH,,,CSE,2018-19,,,,3,A,,2018-22,
4NI18CS115,NIMISHA C,,,CSE,2018-19,,,,3,A,,2018-22,
4NI18CS116,ANANYA M BHAT,,,CSE,2018-19,,,,3,A,,2018-22,
4NI18CS120,SHRADDHA P,,,CSE,2018-19,,,,3,A,,2018-22,
4NI18CS123,VANISHREE V A,,,CSE,2018-19,,,,3,A,,2018-22,
4NI19CS004,ABHISHEK A P,,,CSE,2019-20,,,,6,B,,2019-23,
4NI19CS006,ADARSH A,,,CSE,2019-20,,,,6,B,,2019-23,
4NI19CS009,ADITYA PRATAP SINGH,,,CSE,2019-20,,,,6,B,,2019-23,
4NI19CS012,AKANKSHA MATTOO,,,CSE,2019-20,,,,6,B,,2019-23,
4NI19CS018,AMAR SHINDHE,,,CSE,2019-20,,,,6,B,,2019-23,
4NI19CS024,ANUP SIDDU R S,,,CSE,2019-20,,,,6,B,,2019-23,
4NI19CS025,ANUSHREE H S,,,CSE,2019-20,,,,6,B,,2019-23,
4NI19CS028,BHARATH JITENDRA NADIG,,,CSE,2019-20,,,,6,B,,2019-23,
4NI19CS031,BHAVANI B,,,CSE,2019-20,,,,6,B,,2019-23,
4NI19CS032,BHUVAN K,,,CSE,2019-20,,,,6,B,,2019-23,
4NI19CS033,BINDUSHREE S R,,,CSE,2019-20,,,,6,B,,2019-23,
4NI19CS036,CHANDAN KUMAR,,,CSE,2019-20,,,,6,B,,2019-23,
4NI19CS040,FAZIL A,,,CSE,2019-20,,,,6,B,,2019-23,
4NI19CS041,GAJULA VAMSI KRISHNA,,,CSE,2019-20,,,,6,B,,2019-23,
4NI19CS049,HARSHITH V,,,CSE,2019-20,,,,6,B,,2019-23,
4NI19CS052,HRISHIKESH PRAVEEN NAYAK,,,CSE,2019-20,,,,6,B,,2019-23,
4NI19CS066,MANOJ C S,,,CSE,2019-20,,,,6,B,,2019-23,
4NI19CS067,MARUTHI,,,CSE,2019-20,,,,6,B,,2019-23,
4NI19CS068,MAYUR M JOSHI,,,CSE,2019-20,,,,6,B,,2019-23,
4NI19CS073,NARAYANI H,,,CSE,2019-20,,,,6,B,,2019-23,
4NI19CS075,NIHARIKA,,,CSE,2019-20,,,,6,B,,2019-23,
4NI19CS077,OMKAR KULAKARNI,,,CSE,2019-20,,,,6,B,,2019-23,
4NI19CS080,POOJA B,,,CSE,2019-20,,,,6,B,,2019-23,
4NI19CS085,PRATIK TELGANI,,,CSE,2019-20,,,,6,B,,2019-23,
4NI19CS087,PRIYANKA S M,,,CSE,2019-20,,,,6,B,,2019-23,
4NI19CS089,RAGHAV GOENKA,,,CSE,2019-20,,,,6,B,,2019-23,
4NI19CS090,RAGHAV KAUSHAL,,,CSE,2019-20,,,,6,B,,2019-23,
4NI19CS091,RAKESH SHARMA,,,CSE,2019-20,,,,6,B,,2019-23,
4NI19CS092,RAMITHA R,,,CSE,2019-20,,,,6,B,,2019-23,
4NI19CS093,RITHESH PREETHAM M,,,CSE,2019-20,,,,6,B,,2019-23,
4NI19CS094,ROHAN SANJEEV TENGINKAI,,,CSE,2019-20,,,,6,B,,2019-23,
4NI19CS095,SACHIN SAHARA,,,CSE,2019-20,,,,6,B,,2019-23,
4NI19CS096,SAMARESH M S,,,CSE,2019-20,,,,6,B,,2019-23,
4NI19CS097,SANJANA URS K,,,CSE,2019-20,,,,6,B,,2019-23,
4NI19CS098,SANTHRUPTH S,,,CSE,2019-20,,,,6,B,,2019-23,
4NI19CS099,SATHKEERTHI Y AGNIHOTHRI,,,CSE,2019-20,,,,6,B,,2019-23,
4NI19CS100,SAUMYA NIGAM,,,CSE,2019-20,,,,6,B,,2019-23,
4NI19CS101,SHALINI S G,,,CSE,2019-20,,,,6,B,,2019-23,
4NI19CS102,SHAMANTH G,,,CSE,2019-20,,,,6,B,,2019-23,
4NI19CS103,SHREESH KULKARNI,,,CSE,2019-20,,,,6,B,,2019-23,
4NI19CS104,SHRIVATHSA RAO B V,,,CSE,2019-20,,,,6,B,,2019-23,
4NI19CS105,SHUBHAM M SASTEKAR,,,CSE,2019-20,,,,6,B,,2019-23,
4NI19CS106,SHYAM PRASAD M,,,CSE,2019-20,,,,6,B,,2019-23,
4NI19CS107,SRUJAN GOWDA S J,,,CSE,2019-20,,,,6,B,,2019-23,
4NI19CS108,SURAJ PRAKASH,,,CSE,2019-20,,,,6,B,,2019-23,
4NI19CS109,SURESH,,,CSE,2019-20,,,,6,B,,2019-23,
4NI19CS110,T P VADHIRAJ,,,CSE,2019-20,,,,3,A,,2019-23,
4NI19CS111,T PRASANNA,,,CSE,2019-20,,,,6,B,,2019-23,
4NI19CS112,TANAY VERMA,,,CSE,2019-20,,,,6,B,,2019-23,
4NI19CS113,TANISHA MACHAIAH M,,,CSE,2019-20,,,,6,B,,2019-23,
4NI19CS114,TANMAY KUMAR,,,CSE,2019-20,,,,6,B,,2019-23,
4NI19CS115,TULASI U,,,CSE,2019-20,,,,6,B,,2019-23,
4NI19CS116,UTKARSH SINGH,,,CSE,2019-20,,,,6,B,,2019-23,
4NI19CS117,VACHAN CHANDRASHEKAR MENDON,,,CSE,2019-20,,,,6,B,,2019-23,
4NI19CS118,VAIBHAV SINGH,,,CSE,2019-20,,,,6,B,,2019-23,
4NI19CS119,VAMSHI M JOIS,,,CSE,2019-20,,,,6,B,,2019-23,
4NI19CS120,VARUN M,,,CSE,2019-20,,,,6,B,,2019-23,
4NI19CS121,VEERESH ANGADI BAPPUR,,,CSE,2019-20,,,,6,B,,2019-23,
4NI19CS122,VINEETH MADHUSOODANAN,,,CSE,2019-20,,,,6,B,,2019-23,
4NI19CS123,YASH CHAUHAN,,,CSE,2019-20,,,,6,B,,2019-23,
4NI19CS124,YELLALA MANEESH REDDY,,,CSE,2019-20,,,,6,B,,2019-23,
4NI19CS400,ADITHYA S S,,,CSE,2019-20,,,,8,A,,2019-23,
4NI19CS401,BI BI AYESHA,,,CSE,2019-20,,,,3,A,,2019-23,
4NI19CS402,ENOSH V,,,CSE,2019-20,,,,8,A,,2019-23,
4NI19CS403,IZHAR SHARIFF,,,CSE,2019-20,,,,8,A,,2019-23,
4NI19CS404,KARTHIKANAIK D,,,CSE,2019-20,,,,8,A,,2019-23,
4NI19CS405,MAHANTHESHA G D,,,CSE,2019-20,,,,8,A,,2019-23,
4NI19CS406,SAHANA R,,,CSE,2019-20,,,,3,A,,2019-23,
4NI19CS407,SHASHANK A,,,CSE,2019-20,,,,3,A,,2019-23,
4NI19CS408,SNEHA K,,,CSE,2019-20,,,,3,A,,2019-23,
4NI19CS409,SYEDA HEENA KAUSAR,,,CSE,2019-20,,,,8,A,,2019-23,
4NI19CS410,THEJASWINI V,,,CSE,2019-20,,,,8,A,,2019-23,
4NI19CS411,VENKATESH S,,,CSE,2019-20,,,,3,A,,2019-23,
4NI20CS001,ABDUL RAZZAQ DEPUTY,,,CSE,2020-21,,,,3,A,,2020-24,
4NI20CS002,ABHIMANYU DWIBEDI,,,CSE,2020-21,,,,3,A,,2020-24,
4NI20CS003,ABHISHEK ASHOK NAIK,,,CSE,2020-21,,,,3,A,,2020-24,
4NI20CS004,ADARSH K POOJARY,,,CSE,2020-21,,,,3,A,,2020-24,
4NI20CS005,ADITI V POGAL,,,CSE,2020-21,,,,3,A,,2020-24,
4NI20CS006,ADITYA LAL,,,CSE,2020-21,,,,3,B,,2020-24,
4NI20CS007,AJITH B S,,,CSE,2020-21,,,,3,A,,2020-24,
4NI20CS008,AKARSH KASHYAP,,,CSE,2020-21,,,,3,B,,2020-24,
4NI20CS009,AKASH H P,,,CSE,2020-21,,,,3,A,,2020-24,
4NI20CS010,ALSON CHRIS DSOUZA,,,CSE,2020-21,,,,3,A,,2020-24,
4NI20CS011,AMOGH B KUMAR,,,CSE,2020-21,,,,3,A,,2020-24,
4NI20CS012,ANAGHA MOHAN,,,CSE,2020-21,,,,3,A,,2020-24,
4NI20CS013,ANAND KUMAR,,,CSE,2020-21,,,,3,A,,2020-24,
4NI20CS014,ANKITH B SHETTY,,,CSE,2020-21,,,,3,A,,2020-24,
4NI20CS015,ANUSHKA V,,,CSE,2020-21,,,,3,A,,2020-24,
4NI20CS017,ARNAV KUMAR,,,CSE,2020-21,,,,3,A,,2020-24,
4NI20CS018,ARUN G,,,CSE,2020-21,,,,3,A,,2020-24,
4NI20CS019,ARYA ARUN BHOSALE,,,CSE,2020-21,,,,3,A,,2020-24,
4NI20CS020,ASHIKA JAYANTH,,,CSE,2020-21,,,,3,A,,2020-24,
4NI20CS021,BHAGYASHREE N M,,,CSE,2020-21,,,,3,A,,2020-24,
4NI20CS022,BHAVYASHREE B,,,CSE,2020-21,,,,3,A,,2020-24,
4NI20CS023,CHANDAN N U,,,CSE,2020-21,,,,3,A,,2020-24,
4NI20CS024,CHANDRA CHUDA M S,,,CSE,2020-21,,,,3,A,,2020-24,
4NI20CS025,CHIRAG S MADA,,,CSE,2020-21,,,,3,A,,2020-24,
4NI20CS026,CHIRANTH KRISHNA K,,,CSE,2020-21,,,,3,A,,2020-24,
4NI20CS027,D SUNIL KUMAR,,,CSE,2020-21,,,,3,A,,2020-24,
4NI20CS028,DEBRAJ ROY,,,CSE,2020-21,,,,3,A,,2020-24,
4NI20CS029,DHRUV TYAGI,,,CSE,2020-21,,,,3,A,,2020-24,
4NI20CS030,DINESH BALIVADA,,,CSE,2020-21,,,,3,A,,2020-24,
4NI20CS031,DIVYASHREE C,,,CSE,2020-21,,,,3,A,,2020-24,
4NI20CS032,DIYA,,,CSE,2020-21,,,,3,A,,2020-24,
4NI20CS033,DYUTHI K URS,,,CSE,2020-21,,,,3,A,,2020-24,
4NI20CS034,GAURI V,,,CSE,2020-21,,,,3,A,,2020-24,
4NI20CS035,GURUMADWA KOUSHIK,,,CSE,2020-21,,,,3,B,,2020-24,
4NI20CS036,HARENDRA,,,CSE,2020-21,,,,3,B,,2020-24,
4NI20CS037,HARSHAL SRIVASTAVA,,,CSE,2020-21,,,,3,A,,2020-24,
4NI20CS038,HARSHIT JOSHI,,,CSE,2020-21,,,,3,B,,2020-24,
4NI20CS039,HARSHIT SRIVASTAVA,,,CSE,2020-21,,,,3,A,,2020-24,
4NI20CS040,HARSHITA BISHT,,,CSE,2020-21,,,,3,A,,2020-24,
4NI20CS041,ISHIKA,,,CSE,2020-21,,,,3,A,,2020-24,
4NI20CS042,JAGADISH N,,,CSE,2020-21,,,,3,A,,2020-24,
4NI20CS043,JAYALAKSHMI Y,,,CSE,2020-21,,,,3,A,,2020-24,
4NI20CS044,JEEVAN N M,,,CSE,2020-21,,,,3,A,,2020-24,
4NI20CS045,KUSHAGRA RAJ GUPTA,,,CSE,2020-21,,,,3,A,,2020-24,
4NI20CS046,MADAN CN,,,CSE,2020-21,,,,3,A,,2020-24,
4NI20CS047,MAHENDRA S H,,,CSE,2020-21,,,,3,A,,2020-24,
4NI20CS048,MANALI MAHESH BANDIVADEKAR,,,CSE,2020-21,,,,3,A,,2020-24,
4NI20CS049,MANOJ P N,,,CSE,2020-21,,,,3,A,,2020-24,
4NI20CS050,MANOJ S H,,,CSE,2020-21,,,,3,A,,2020-24,
4NI20CS051,MAUSAM BORAH,,,CSE,2020-21,,,,3,A,,2020-24,
4NI20CS052,MD SHAUKAT,,,CSE,2020-21,,,,3,B,,2020-24,
4NI20CS053,MEDHA,,,CSE,2020-21,,,,3,A,,2020-24,
4NI20CS054,MOHITH ARADHYA,,,CSE,2020-21,,,,3,A,,2020-24,
4NI20CS055,MONIKA K,,,CSE,2020-21,,,,3,A,,2020-24,
4NI20CS056,NADIYA KHAN,,,CSE,2020-21,,,,3,A,,2020-24,
4NI20CS057,NAGA PRAJWAL N,,,CSE,2020-21,,,,3,A,,2020-24,
4NI20CS058,NAMAN ARBIND,,,CSE,2020-21,,,,3,A,,2020-24,
4NI20CS059,NEEHARIKA THANGAMMA,,,CSE,2020-21,,,,3,A,,2020-24,
4NI20CS060,NEERAJA K REDDY,,,CSE,2020-21,,,,3,A,,2020-24,
4NI20CS061,NETHRA MANJUNATH,,,CSE,2020-21,,,,3,A,,2020-24,
4NI20CS062,NETRAVATHI K S,,,CSE,2020-21,,,,3,B,,2020-24,
4NI20CS063,PRADEEP B R,,,CSE,2020-21,,,,3,A,,2020-24,
4NI20CS065,PRAMITH C S,,,CSE,2020-21,,,,3,A,,2020-24,
4NI20CS066,PRANAV H V,,,CSE,2020-21,,,,3,A,,2020-24,
4NI20CS067,PRATEEK KUMAR CHOUBEY,,,CSE,2020-21,,,,3,B,,2020-24,
4NI20CS068,PRATHAM VIJAY VARGIYA,,,CSE,2020-21,,,,3,A,,2020-24,
4NI20CS069,PRAVEEN NARAYAN BHAT,,,CSE,2020-21,,,,3,B,,2020-24,
4NI20CS070,PREETHAM B N,,,CSE,2020-21,,,,3,B,,2020-24,
4NI20CS071,PRIYANKA,,,CSE,2020-21,,,,3,B,,2020-24,
4NI20CS072,PRUTHVIK KALBURGI,,,CSE,2020-21,,,,3,B,,2020-24,
4NI20CS073,PUJITHA R C,,,CSE,2020-21,,,,3,B,,2020-24,
4NI20CS074,RAHUL KRISHNA NAIR,,,CSE,2020-21,,,,3,B,,2020-24,
4NI20CS075,RAKSHITH ARYA,,,CSE,2020-21,,,,3,B,,2020-24,
4NI20CS076,RISHAB M JAIN,,,CSE,2020-21,,,,3,B,,2020-24,
4NI20CS077,RITEESH DEEPAK PAI,,,CSE,2020-21,,,,3,B,,2020-24,
4NI20CS078,RITESH BAGATI,,,CSE,2020-21,,,,3,B,,2020-24,
4NI20CS079,RITIK MISHRA,,,CSE,2020-21,,,,3,B,,2020-24,
4NI20CS080,RUCHITH RAMESH,,,CSE,2020-21,,,,3,B,,2020-24,
4NI20CS081,S SAPNA,,,CSE,2020-21,,,,3,B,,2020-24,
4NI20CS082,SADANA H J,,,CSE,2020-21,,,,3,B,,2020-24,
4NI20CS083,SAHANASWAMY K P,,,CSE,2020-21,,,,3,B,,2020-24,
4NI20CS084,SAMEER KUMAR,,,CSE,2020-21,,,,3,B,,2020-24,
4NI20CS085,SANDEEP,,,CSE,2020-21,,,,3,B,,2020-24,
4NI20CS086,SANJANA AJIT BHAT,,,CSE,2020-21,,,,3,B,,2020-24,
4NI20CS087,SANJANA ANANTHU,,,CSE,2020-21,,,,3,B,,2020-24,
4NI20CS088,SANJAY S,,,CSE,2020-21,,,,3,B,,2020-24,
4NI20CS089,SARTHAK KUMAR SINGH,,,CSE,2020-21,,,,3,B,,2020-24,
4NI20CS090,SASIDHAR MEKA,,,CSE,2020-21,,,,3,B,,2020-24,
4NI20CS091,SHAAN SOMAIAH A B,,,CSE,2020-21,,,,3,B,,2020-24,
4NI20CS092,SHARANIDHI M N,,,CSE,2020-21,,,,3,B,,2020-24,
4NI20CS093,SHARATH CHANDRA NIRMALA,,,CSE,2020-21,,,,3,B,,2020-24,
4NI20CS094,SHASHANK K R,,,CSE,2020-21,,,,3,B,,2020-24,
4NI20CS095,SHASHANK KUMAR,,,CSE,2020-21,,,,3,B,,2020-24,
4NI20CS096,SHASHANK SHANDILYA,,,CSE,2020-21,,,,3,B,,2020-24,
4NI20CS097,SHIVA SANDEEP N,,,CSE,2020-21,,,,3,B,,2020-24,
4NI20CS098,SHIVANI M BHAT,,,CSE,2020-21,,,,3,B,,2020-24,
4NI20CS099,SHREE HARI H P,,,CSE,2020-21,,,,3,B,,2020-24,
4NI20CS100,SHREYA VENKANNA NAYAK,,,CSE,2020-21,,,,3,B,,2020-24,
4NI20CS101,SIDDHARTHA BANERJEE,,,CSE,2020-21,,,,3,B,,2020-24,
4NI20CS102,SIDHANT GUPTA,,,CSE,2020-21,,,,3,B,,2020-24,
4NI20CS103,SINCHANA S,,,CSE,2020-21,,,,3,B,,2020-24,
4NI20CS104,SKLITA BUTHELLO,,,CSE,2020-21,,,,3,B,,2020-24,
4NI20CS105,SNEHA N,,,CSE,2020-21,,,,3,B,,2020-24,
4NI20CS106,SOMALINGA,,,CSE,2020-21,,,,3,B,,2020-24,
4NI20CS107,SOUNDARYA K,,,CSE,2020-21,,,,3,A,,2020-24,
4NI20CS108,SUMAN NOUREEN,,,CSE,2020-21,,,,3,B,,2020-24,
4NI20CS109,SUMUKHA S,,,CSE,2020-21,,,,3,B,,2020-24,
4NI20CS110,SURYA M D GOWDA,,,CSE,2020-21,,,,3,A,,2020-24,
4NI20CS111,SUSHEELA S B,,,CSE,2020-21,,,,3,B,,2020-24,
4NI20CS112,TIRUVEEDI POORNODAY,,,CSE,2020-21,,,,3,B,,2020-24,
4NI20CS113,TUSHAR RAJARAM JADHAV,,,CSE,2020-21,,,,3,B,,2020-24,
4NI20CS114,UJWAL MAHADEV NAIK,,,CSE,2020-21,,,,3,B,,2020-24,
4NI20CS115,UMESH ARADHYA P,,,CSE,2020-21,,,,3,B,,2020-24,
4NI20CS116,VARSHA M S,,,CSE,2020-21,,,,3,B,,2020-24,
4NI20CS117,VARSHINI S DAS,,,CSE,2020-21,,,,3,B,,2020-24,
4NI20CS118,VARUN D K,,,CSE,2020-21,,,,3,B,,2020-24,
4NI20CS119,VARUN MADYALKAR,,,CSE,2020-21,,,,3,B,,2020-24,
4NI20CS120,VARUN S S,,,CSE,2020-21,,,,3,B,,2020-24,
4NI20CS121,VIGNESHWAR RAVINDRAN,,,CSE,2020-21,,,,3,A,,2020-24,
4NI20CS122,VIKAS P,,,CSE,2020-21,,,,3,B,,2020-24,
4NI20CS123,VINAYAKA U,,,CSE,2020-21,,,,3,B,,2020-24,
4NI20CS124,VISHAL M V,,,CSE,2020-21,,,,3,B,,2020-24,
4NI20CS125,VISHAL SANGAM L G,,,CSE,2020-21,,,,3,B,,2020-24,
4NI20CS126,VRISHANKH KISHORE,,,CSE,2020-21,,,,3,B,,2020-24,
4NI20CS127,YOGEESH R S,,,CSE,2020-21,,,,3,B,,2020-24,
4NI20CS128,SANMITHA L,,,CSE,2020-21,,,,3,A,,2020-24,
4NI20CS406,SANDHYA H S,,,CSE,2020-21,,,,6,B,,2020-24,
4NI20CS407,SHREYA M,,,CSE,2020-21,,,,6,B,,2020-24,
4NI20CS409,VIDYASHREE M S,,,CSE,2020-21,,,,6,B,,2020-24,
