raw_code_as_extracted,likely_base_code,best_guess_subject_name,confirmed_subject_name
(404),,,
(405),,,
--ADA,--ADA,,
6 C2 ML,6,,
ADA,ADA,Analysis & Design of Algorithms,
ADA A2+SKV,ADA,Analysis & Design of Algorithms,
ADA E1 AILAB4,ADA,Analysis & Design of Algorithms,
ADA E2 AILAB4,ADA,Analysis & Design of Algorithms,
ADA F1,ADA,Analysis & Design of Algorithms,
ADA F2,ADA,Analysis & Design of Algorithms,
ADA F3,ADA,Analysis & Design of Algorithms,
ADA(C ),ADA,Analysis & Design of Algorithms,
AGILE,AGILE,Agile Methodologies (verify),
AI,AI,Artificial Intelligence,
AI (403),AI,Artificial Intelligence,
AI (404),AI,Artificial Intelligence,
AI (406),AI,Artificial Intelligence,
AI F1,AI,Artificial Intelligence,
AI F2,AI,Artificial Intelligence,
AI F3,AI,Artificial Intelligence,
AILAB3,AILAB3,,
BC,BC,Blockchain (verify),
CC,CC,Cloud Computing (verify),
CC 1 TUT,CC,Cloud Computing (verify),
CC 2 TUT,CC,Cloud Computing (verify),
CC A1 TUT,CC,Cloud Computing (verify),
CC A2 TUT,CC,Cloud Computing (verify),
CC B1 TUT,CC,Cloud Computing (verify),
CC B2 TUT,CC,Cloud Computing (verify),
CD,CD,Compiler Design (verify),
CSLAB 8,CSLAB,,
DBMS,DBMS,Database Management Systems,
DBMS (403),DBMS,Database Management Systems,
DBMS (404),DBMS,Database Management Systems,
DBMS A2 SLAB8,DBMS,Database Management Systems,
DBMS D1 (UKP),DBMS,Database Management Systems,
DBMS F1,DBMS,Database Management Systems,
DBMS F2,DBMS,Database Management Systems,
DBMS F3,DBMS,Database Management Systems,
DEVOPS,DEVOPS,DevOps,
DL,DL,Deep Learning,
DL 6 E2 AILAB4,DL,Deep Learning,
DL E1 AILAB4,DL,Deep Learning,
DL E3 AILAB4,DL,Deep Learning,
DM,DM,Discrete Mathematics (verify),
DMS,DMS,Discrete Mathematical Structures (verify),
DMS A1 TT,DMS,Discrete Mathematical Structures (verify),
DMS A2TT,DMS,Discrete Mathematical Structures (verify),
DMS B1 TUT (404),DMS,Discrete Mathematical Structures (verify),
DMS B2 TUT (404),DMS,Discrete Mathematical Structures (verify),
DMS D1 TT,DMS,Discrete Mathematical Structures (verify),
DMS D2 TT,DMS,Discrete Mathematical Structures (verify),
DMS E1 TT,DMS,Discrete Mathematical Structures (verify),
DMS E2 TT,DMS,Discrete Mathematical Structures (verify),
DMS F1 TT (405),DMS,Discrete Mathematical Structures (verify),
DMS F2 TT (406),DMS,Discrete Mathematical Structures (verify),
DMS TUT,DMS,Discrete Mathematical Structures (verify),
DS,DS,Distributed Systems,
DS&APS,DS&APS,Distributed Systems & Adv. Programming (verify),
DSC,DSC,Data Science (verify),
EIOT,EIOT,Embedded IoT (verify),
EIOT E1 AILAB1,EIOT,Embedded IoT (verify),
EIOT E3 AILAB1,EIOT,Embedded IoT (verify),
F1 AI,F1,,
INS,INS,Information & Network Security (verify),
IOT,IOT,Internet of Things,
IOT A1 AILAB2,IOT,Internet of Things,
IOT A2 AIML 2,IOT,Internet of Things,
IOT B1 AILAB2,IOT,Internet of Things,
IOT B2 AIML 2,IOT,Internet of Things,
IOT B3 AIML 2,IOT,Internet of Things,
IOT C1 AILAB2,IOT,Internet of Things,
IOT C3 AILAB2,IOT,Internet of Things,
IOT D2 AIML 2,IOT,Internet of Things,
IOT D3 AILAB2,IOT,Internet of Things,
IOT D3 AIML 2,IOT,Internet of Things,
IOT PG 1 theory,IOT,Internet of Things,
IOT PG theory,IOT,Internet of Things,
IOT TUT,IOT,Internet of Things,
IoT,IoT,Internet of Things,
MC,MC,,
MERN,MERN,MERN Stack Development,
MERN F1,MERN,MERN Stack Development,
MERN F2,MERN,MERN Stack Development,
MERN F2+DR,MERN,MERN Stack Development,
ML,ML,Machine Learning,
ML A1 AILAB3,ML,Machine Learning,
ML B2- AILAB3,ML,Machine Learning,
ML B3 AILAB3,ML,Machine Learning,
ML C1 AILAB3,ML,Machine Learning,
ML C2 AILAB3,ML,Machine Learning,
ML C3 AILAB3,ML,Machine Learning,
ML D2 AILAB3,ML,Machine Learning,
ML D3 AILAB3,ML,Machine Learning,
PLC,PLC,Programming Language Concepts / PLC (verify),
PYTHON,PYTHON,Python Programming,
Python,Python,Python Programming,
Python A1 (JRK+VM),Python,Python Programming,
Python B2 (NMR+BK),Python,Python Programming,
Python F1,Python,Python Programming,
Python F2,Python,Python Programming,
Python F2 (JRK+HP),Python,Python Programming,
SFH,SFH,Scientific Foundation for Health,
UHV,UHV,Universal Human Values,
UHV (404),UHV,Universal Human Values,
UHV (406),UHV,Universal Human Values,
USP,USP,Unix System Programming (verify),
WMC,WMC,Wireless & Mobile Communication (verify),
WMC TUT,WMC,Wireless & Mobile Communication (verify),
